ID,HOSPITAL_EXPIRE_FLAG
208169,0.03306664153933525
251754,0.3706789016723633
242171,0.07394516468048096
263035,0.14793595671653748
279388,0.10734310001134872
262988,0.01920001022517681
291777,0.08100932836532593
217458,0.10734310001134872
283955,0.046317361295223236
287227,0.019678428769111633
244285,0.09619441628456116
219728,0.2093295156955719
235757,0.0553421676158905
290805,0.27287548780441284
253067,0.10734310001134872
263688,0.042366158217191696
284349,0.2757750451564789
228653,0.023833204060792923
215753,0.10734310001134872
272948,0.060212142765522
249436,0.13932210206985474
290142,0.081159308552742
261110,0.3397892415523529
265516,0.18675658106803894
232518,0.06768457591533661
252095,0.10734310001134872
222238,0.07702893018722534
293062,0.04247622564435005
208183,0.0839298665523529
232142,0.14315266907215118
235792,0.047651104629039764
243927,0.10365364700555801
269895,0.10734310001134872
214448,0.07503415644168854
299225,0.10011322051286697
276354,0.24564650654792786
202349,0.025029463693499565
225118,0.3509388864040375
277523,0.10734310001134872
255633,0.09266754984855652
284250,0.21366703510284424
267895,0.08430603891611099
286027,0.02247224561870098
213788,0.09500103443861008
203820,0.018465116620063782
290389,0.060871947556734085
289940,0.01901264674961567
261095,0.029131406918168068
249040,0.08784323185682297
259404,0.10734310001134872
268628,0.16187773644924164
242652,0.2118908017873764
203333,0.0545865073800087
273538,0.08982452005147934
286644,0.2410452514886856
274634,0.04485534131526947
262256,0.05772939324378967
229574,0.030938493087887764
238965,0.14899365603923798
230568,0.13524602353572845
284380,0.2821423411369324
259405,0.059115950018167496
295391,0.14177855849266052
211919,0.09738347679376602
256231,0.08907203376293182
256888,0.025187358260154724
282822,0.10734310001134872
223148,0.037681251764297485
217405,0.159514918923378
298229,0.32738351821899414
237119,0.18918268382549286
276757,0.2865363359451294
284497,0.1310371607542038
254446,0.5583003759384155
218069,0.021945398300886154
207407,0.15704041719436646
299189,0.059001997113227844
217690,0.10952971875667572
264977,0.046794842928647995
238093,0.08391307294368744
239519,0.10544127225875854
270754,0.02188063971698284
261757,0.10734310001134872
259801,0.10734310001134872
263095,0.043109994381666183
274213,0.030534474179148674
276834,0.050796929746866226
208726,0.09625639021396637
265648,0.05724631994962692
257140,0.03272457793354988
213807,0.032455965876579285
290918,0.10104209929704666
200999,0.13358350098133087
268423,0.10734310001134872
257423,0.10734310001134872
278581,0.07868701219558716
298123,0.0933249443769455
267747,0.10734310001134872
242145,0.09695146977901459
277337,0.04722830653190613
208838,0.0700266882777214
200636,0.25396963953971863
266408,0.19209915399551392
217233,0.10734310001134872
221293,0.053158510476350784
230711,0.06168871372938156
224601,0.04974047839641571
267037,0.10734310001134872
226095,0.04890384525060654
275874,0.09783391654491425
287834,0.04765582084655762
241888,0.06536496430635452
293435,0.09518954157829285
215645,0.34523868560791016
267610,0.19291062653064728
253558,0.07097509503364563
253579,0.020332561805844307
249985,0.10734310001134872
262322,0.0417330339550972
293408,0.15270064771175385
288336,0.07573172450065613
294406,0.1584397703409195
220258,0.27671194076538086
252852,0.22257733345031738
281173,0.07913709431886673
222630,0.022508753463625908
299170,0.032549500465393066
278927,0.04230273514986038
256424,0.052933499217033386
270315,0.04370884597301483
255773,0.04357036575675011
218816,0.2695675790309906
287985,0.04158857464790344
287739,0.0804968848824501
209957,0.025133565068244934
226082,0.045485712587833405
291397,0.04921778663992882
212967,0.04119478538632393
264527,0.027868403121829033
262795,0.10734310001134872
268176,0.028991341590881348
248348,0.15326233208179474
289578,0.06967435032129288
247727,0.054766297340393066
258258,0.3299284875392914
209427,0.03035978227853775
254991,0.10734310001134872
253394,0.10734310001134872
269666,0.2171986848115921
229041,0.04900796711444855
226656,0.11196177452802658
266739,0.1436237245798111
252143,0.05074889957904816
202878,0.014646647498011589
274199,0.10239513218402863
261861,0.10830309987068176
239220,0.03361505642533302
252694,0.7506579160690308
265554,0.1915924996137619
283107,0.3284696340560913
221073,0.018530460074543953
225777,0.13729293644428253
216446,0.10734310001134872
297607,0.0381493866443634
269543,0.24600519239902496
294142,0.4273606538772583
265471,0.028929388150572777
293716,0.11998774111270905
227915,0.2578957676887512
247738,0.2023022174835205
228991,0.25403982400894165
238124,0.06378509104251862
224603,0.10734310001134872
291929,0.12421944737434387
247739,0.08674982190132141
287872,0.18304486572742462
252073,0.17498140037059784
290118,0.10734310001134872
262341,0.10495579242706299
207847,0.2236429750919342
297960,0.06858710944652557
287836,0.08669211715459824
241552,0.06032836437225342
243423,0.016999326646327972
268324,0.3078670799732208
267424,0.05533986911177635
242885,0.07243315130472183
211874,0.018169917166233063
272232,0.03894980624318123
283971,0.0855204313993454
244478,0.09068768471479416
262746,0.07477322220802307
261870,0.023055097088217735
293685,0.09073595702648163
212349,0.02857971005141735
270091,0.06555148214101791
232310,0.1638416051864624
254384,0.1747530698776245
226580,0.06138446927070618
285380,0.05741804465651512
200095,0.5150765776634216
246063,0.16528794169425964
203788,0.2878199815750122
250075,0.029121525585651398
242374,0.031758811324834824
239573,0.10734310001134872
291473,0.09106151759624481
247630,0.1066231057047844
298878,0.15798382461071014
280411,0.08529438078403473
272350,0.043727874755859375
220920,0.05175047740340233
227424,0.033841632306575775
289736,0.08942623436450958
226009,0.10734310001134872
274771,0.0508163757622242
256060,0.27609211206436157
242396,0.04682400822639465
204132,0.05935337021946907
286636,0.14633315801620483
290031,0.045123253017663956
261905,0.0247297715395689
284448,0.10734310001134872
243035,0.34965765476226807
229372,0.4377345144748688
286002,0.17830245196819305
242516,0.1598511040210724
224498,0.15394747257232666
200770,0.29064953327178955
272879,0.034296758472919464
255467,0.05494522675871849
292411,0.08091719448566437
242052,0.05920597165822983
211516,0.11248398572206497
280012,0.15592914819717407
240131,0.10734310001134872
250758,0.12136619538068771
278814,0.13256210088729858
288411,0.08795757591724396
231658,0.10734310001134872
286261,0.040799472481012344
209431,0.05484829470515251
292876,0.06756303459405899
245433,0.07928791642189026
295538,0.031970128417015076
260465,0.040294867008924484
238943,0.2438066601753235
272195,0.06212108954787254
241689,0.3021407723426819
246020,0.08132430166006088
277622,0.07448061555624008
262850,0.046577826142311096
211603,0.06551893800497055
263010,0.031643472611904144
263142,0.10734310001134872
283123,0.08961306512355804
213174,0.019160473719239235
236738,0.2289922535419464
277817,0.13122889399528503
235641,0.08947522193193436
299727,0.12360060960054398
295902,0.518366813659668
251076,0.10734310001134872
264948,0.009810891933739185
247700,0.01570979692041874
281046,0.18549218773841858
208181,0.24273473024368286
222401,0.10734310001134872
215125,0.2624666094779968
299875,0.032552219927310944
205929,0.02570411190390587
258054,0.060355864465236664
262102,0.02794365957379341
240909,0.09141368418931961
220335,0.1623172014951706
263437,0.1897023469209671
273075,0.3260611295700073
299509,0.10734310001134872
259711,0.07650735974311829
230160,0.08928344398736954
278690,0.10734310001134872
217015,0.1529194861650467
298460,0.11544911563396454
222665,0.03222667798399925
295338,0.04420064017176628
282370,0.08257169276475906
259532,0.33311641216278076
293354,0.03203536197543144
292564,0.1471988558769226
222738,0.04454163461923599
275890,0.1098790094256401
253810,0.01735125668346882
270077,0.09001055359840393
239121,0.052293043583631516
209238,0.01775475963950157
289424,0.08822853118181229
217326,0.0711231455206871
289458,0.05015072599053383
272409,0.08907020837068558
201872,0.10734310001134872
225507,0.13930721580982208
247592,0.03372684121131897
260899,0.043057698756456375
216237,0.03208163008093834
269097,0.19917207956314087
244971,0.12224540114402771
256542,0.29617154598236084
274387,0.01943577080965042
255601,0.1123596727848053
271737,0.049613285809755325
213210,0.10734310001134872
281413,0.3055446147918701
289149,0.0179637111723423
226260,0.10734310001134872
243007,0.08721818774938583
227907,0.07122109085321426
210145,0.0530509352684021
205487,0.09397898614406586
271461,0.051459554582834244
201803,0.029685836285352707
277766,0.10734310001134872
262655,0.21074651181697845
289049,0.6942616105079651
212798,0.10734310001134872
296220,0.02763005904853344
244979,0.022941771894693375
245541,0.04337310045957565
247120,0.06727121025323868
259626,0.06744125485420227
251221,0.0652795284986496
253535,0.033332791179418564
281400,0.055762436240911484
240877,0.3134400248527527
280667,0.2515101134777069
211702,0.09359083324670792
291142,0.10608474910259247
262866,0.22769223153591156
263812,0.2791520655155182
279507,0.08324671536684036
253154,0.22569406032562256
275486,0.04507145658135414
276559,0.4186122715473175
202051,0.1827424168586731
254392,0.08523114025592804
284126,0.029465358704328537
220015,0.14584782719612122
234776,0.20514534413814545
288298,0.0282681155949831
294624,0.10734310001134872
299659,0.10808777809143066
202722,0.10734310001134872
253947,0.04612376540899277
204128,0.0853705182671547
286914,0.032807789742946625
270987,0.05004570260643959
232389,0.08106669783592224
238486,0.08108679205179214
237903,0.030815711244940758
240673,0.1791011393070221
270830,0.10734310001134872
217384,0.052114877849817276
291982,0.08708624541759491
221198,0.15515470504760742
269930,0.08114948123693466
222425,0.05742631480097771
206395,0.10734310001134872
290883,0.22376300394535065
211187,0.19872720539569855
267406,0.10218837112188339
269628,0.08511937409639359
225858,0.11365405470132828
202136,0.1399700939655304
214547,0.6322630047798157
213115,0.02395685203373432
243693,0.12952940165996552
210993,0.020499596372246742
273836,0.07033537328243256
272491,0.16813527047634125
272657,0.048195794224739075
222026,0.030819294974207878
217268,0.17196691036224365
273882,0.15732477605342865
298182,0.1950291395187378
287345,0.20557722449302673
296734,0.10734310001134872
236554,0.07078167051076889
252541,0.032606467604637146
242716,0.014914060942828655
239802,0.030171826481819153
231925,0.07826776057481766
261977,0.0329827256500721
294769,0.03888055682182312
232705,0.16953125596046448
219752,0.06338632851839066
262270,0.05048632249236107
257428,0.03528907150030136
233311,0.1114240363240242
237615,0.10734310001134872
224086,0.10734310001134872
262808,0.2603856027126312
283425,0.10734310001134872
211414,0.5360198616981506
267616,0.03978254646062851
212597,0.29230228066444397
283943,0.16206307709217072
258014,0.12813013792037964
223197,0.1668045073747635
248368,0.35353443026542664
252773,0.03543946146965027
204305,0.3720657527446747
226859,0.01891508512198925
226394,0.03531111031770706
211495,0.19910889863967896
298930,0.06934353709220886
280074,0.047508686780929565
200671,0.10579530894756317
270572,0.0863989070057869
211930,0.017109613865613937
295275,0.030137592926621437
278430,0.06921610981225967
263524,0.11906874179840088
201299,0.04187250882387161
225683,0.1365223377943039
224764,0.2544234097003937
259617,0.05151800438761711
279246,0.03076663240790367
261394,0.3965316414833069
202304,0.09420666098594666
204759,0.024710843339562416
211527,0.067552849650383
255553,0.037236057221889496
209866,0.019611435011029243
298876,0.07341152429580688
240972,0.10734310001134872
232513,0.030354062095284462
206257,0.015169731341302395
237531,0.09874867647886276
222126,0.0340326726436615
204462,0.034110650420188904
261279,0.25882142782211304
282098,0.05795793607831001
285913,0.04740728810429573
287882,0.04101776331663132
294465,0.09797155857086182
215060,0.22472873330116272
281209,0.051598213613033295
251596,0.2292075753211975
268223,0.06267312169075012
239729,0.10949701815843582
232179,0.043072447180747986
237919,0.09055798500776291
240012,0.020856233313679695
295982,0.10971103608608246
200969,0.10243578255176544
265895,0.22222952544689178
298152,0.024840621277689934
281352,0.10734310001134872
291730,0.07899580150842667
265601,0.04157983511686325
276024,0.38567158579826355
294631,0.055052973330020905
290133,0.07399030774831772
205076,0.21639373898506165
291525,0.06042361631989479
206189,0.0435812771320343
281629,0.10734310001134872
265253,0.023369530215859413
229829,0.1332254707813263
241779,0.10467222332954407
203209,0.05611887201666832
239837,0.21261252462863922
208898,0.3438407778739929
213630,0.035108085721731186
212538,0.10734310001134872
201193,0.47333824634552
288658,0.10904264450073242
242065,0.03499046713113785
251907,0.10734310001134872
276906,0.29191911220550537
217279,0.028178099542856216
272610,0.1372428983449936
239352,0.19447530806064606
267344,0.10734310001134872
254291,0.10734310001134872
284295,0.05061826482415199
207781,0.07301485538482666
221878,0.04726667329668999
232836,0.054679177701473236
234726,0.049273960292339325
293134,0.07418276369571686
254329,0.05086484178900719
214884,0.03255128115415573
220027,0.2535562813282013
224458,0.12337502092123032
266788,0.32876285910606384
252681,0.029399732127785683
221869,0.2244972586631775
227318,0.03842862695455551
232281,0.024900631979107857
275493,0.020985571667551994
254178,0.0605366975069046
268839,0.10734310001134872
200284,0.16713166236877441
253281,0.14920687675476074
225469,0.1224052757024765
219879,0.04048958793282509
290569,0.13938337564468384
249622,0.14548812806606293
210335,0.10734310001134872
231005,0.202595517039299
239512,0.22416462004184723
203858,0.06085037440061569
280230,0.10734310001134872
240367,0.07694034278392792
221626,0.16659867763519287
200105,0.8735643029212952
214465,0.15257993340492249
258332,0.03180839121341705
294919,0.09369257092475891
282525,0.13950465619564056
253729,0.10734310001134872
205661,0.0675847977399826
223399,0.1635168343782425
287922,0.053630899637937546
251008,0.10734310001134872
264768,0.0684652179479599
284438,0.07112152874469757
263482,0.10734310001134872
257470,0.06212664768099785
235930,0.027363693341612816
226961,0.24041081964969635
228869,0.08756911754608154
226839,0.02681310661137104
253036,0.07708555459976196
224627,0.40209728479385376
294110,0.022554073482751846
236152,0.029281320050358772
270580,0.04295141249895096
245337,0.06657062470912933
210723,0.10734310001134872
203738,0.06243389844894409
242487,0.10734310001134872
277693,0.10734310001134872
285257,0.020852580666542053
251386,0.03256138786673546
242739,0.23810003697872162
234879,0.034383051097393036
235314,0.10734310001134872
298424,0.22342438995838165
240821,0.022582300007343292
203847,0.05461933836340904
203389,0.022360144183039665
290458,0.09158793836832047
230209,0.18940554559230804
262310,0.019039833918213844
285328,0.019945485517382622
202594,0.021874327212572098
264974,0.2187294363975525
224967,0.09899145364761353
230620,0.09149175137281418
263183,0.13537144660949707
225549,0.14825239777565002
266254,0.24030357599258423
285042,0.20085544884204865
219569,0.21024540066719055
247634,0.1588211953639984
265093,0.10734310001134872
240488,0.03450639545917511
227300,0.11404530704021454
232807,0.025574976578354836
292452,0.10734310001134872
235053,0.031155012547969818
242184,0.05770814046263695
238785,0.07598751783370972
253790,0.07678905129432678
288175,0.027317360043525696
288487,0.2918563783168793
218596,0.35418587923049927
235496,0.10734310001134872
235040,0.10734310001134872
298098,0.12951096892356873
280391,0.10734310001134872
287426,0.0556257888674736
278692,0.17097695171833038
230729,0.06149805337190628
224594,0.056626755744218826
283439,0.09827333688735962
280330,0.10734310001134872
288879,0.10943916440010071
215593,0.08880700170993805
283958,0.10734310001134872
272640,0.09687162190675735
266791,0.25628072023391724
228162,0.0947234109044075
225285,0.07115588337182999
296726,0.051569174975156784
251204,0.08601656556129456
269149,0.04202825948596001
294580,0.07927326112985611
209216,0.10734310001134872
276420,0.0227455273270607
240432,0.2057744711637497
205708,0.06453139334917068
285750,0.317569375038147
233003,0.10448678582906723
258328,0.10302619636058807
215525,0.10734310001134872
277990,0.10377499461174011
272418,0.333947092294693
228594,0.04063069447875023
264591,0.2617203891277313
286972,0.08714235574007034
217167,0.03278670087456703
215322,0.273586630821228
237167,0.10734310001134872
269358,0.08445141464471817
207346,0.3481989800930023
240290,0.08247125893831253
249343,0.014144359156489372
207915,0.18449506163597107
278182,0.05161520838737488
272254,0.11683768033981323
240458,0.10734310001134872
253572,0.06729377806186676
227171,0.10734310001134872
209124,0.38923123478889465
239310,0.09038063883781433
235463,0.0592656247317791
294404,0.04228055477142334
242940,0.07049030065536499
257214,0.34188470244407654
278753,0.021096428856253624
271524,0.07590870559215546
230610,0.1229531541466713
275840,0.08441289514303207
223457,0.10734310001134872
224569,0.10734310001134872
244564,0.033448994159698486
257195,0.0927623063325882
274111,0.07801663130521774
270387,0.24389970302581787
260762,0.09560107439756393
213066,0.052247054874897
297403,0.06926684826612473
286050,0.094965361058712
238088,0.13986165821552277
213149,0.07059996575117111
293194,0.050626810640096664
221757,0.1019943431019783
212648,0.11986983567476273
293646,0.4522545635700226
227541,0.08690913021564484
270318,0.16062280535697937
227669,0.04335003346204758
253058,0.16718339920043945
206857,0.024345165118575096
229000,0.5214915871620178
295021,0.036698248237371445
298314,0.20019714534282684
291749,0.0265631303191185
202211,0.3669562041759491
279179,0.05970492586493492
252507,0.09003296494483948
213184,0.06256484240293503
239211,0.03466830775141716
214948,0.10331157594919205
289556,0.04730222746729851
206370,0.03448320925235748
242221,0.19965367019176483
220704,0.08405391871929169
285740,0.03382338955998421
213692,0.5551881790161133
247348,0.08041302859783173
232646,0.03378469496965408
289132,0.04299726337194443
262846,0.18791383504867554
249665,0.034551024436950684
299486,0.33644890785217285
258736,0.028279265388846397
238286,0.030053043738007545
251689,0.08133383095264435
277462,0.10784037411212921
292688,0.07663223147392273
263447,0.1294758915901184
216821,0.1366519182920456
229911,0.057222072035074234
266159,0.013704119250178337
294791,0.06027895212173462
250297,0.07468807697296143
224145,0.1282327026128769
214408,0.018761351704597473
286851,0.4073840081691742
239995,0.07771003991365433
212822,0.04864050820469856
251429,0.03187793120741844
239249,0.12138748168945313
271180,0.013907426968216896
258024,0.0883466899394989
236332,0.03808269277215004
216323,0.05874092876911163
249349,0.05185230076313019
208733,0.10734310001134872
208772,0.1701579988002777
250191,0.06344703584909439
271928,0.17155559360980988
251013,0.05009705573320389
249734,0.3225671947002411
210672,0.1903647780418396
264152,0.08093161880970001
286247,0.10734310001134872
258897,0.13580231368541718
241623,0.03236350044608116
248800,0.0522616021335125
224342,0.08114062994718552
201204,0.10734310001134872
265940,0.023613205179572105
251045,0.03759648650884628
284613,0.10734310001134872
214339,0.05002560093998909
207755,0.09711125493049622
256046,0.17553743720054626
220235,0.06182434409856796
227610,0.025201208889484406
203256,0.047059014439582825
219964,0.024953342974185944
233846,0.10734310001134872
209071,0.07890424132347107
229243,0.05570616573095322
267647,0.053060974925756454
233564,0.09547898173332214
288499,0.04481186345219612
266837,0.061706919223070145
277696,0.08803359419107437
242697,0.047167740762233734
208507,0.08151223510503769
214944,0.030081236734986305
226921,0.13873574137687683
250157,0.05918175354599953
273358,0.09637588262557983
267791,0.0872463807463646
231825,0.08462861180305481
243211,0.033837947994470596
237345,0.5738328099250793
299391,0.06980650871992111
282445,0.06939166784286499
252263,0.25320568680763245
245319,0.04048137366771698
215612,0.199067160487175
255247,0.13848942518234253
204241,0.044377367943525314
235367,0.036151107400655746
232442,0.07788123935461044
243475,0.15803992748260498
228635,0.10142020881175995
256257,0.06577613204717636
292122,0.03149043023586273
277506,0.109780453145504
242574,0.027269942685961723
284664,0.03730744495987892
293332,0.15366260707378387
297554,0.436867356300354
296675,0.10734310001134872
250206,0.07935035228729248
217272,0.06044887751340866
291759,0.23010043799877167
227416,0.0636470690369606
283484,0.06622766703367233
259428,0.044103436172008514
214592,0.029300782829523087
260035,0.015919430181384087
280783,0.19180813431739807
245761,0.04979124665260315
237709,0.1257047802209854
238945,0.10734310001134872
281603,0.039754919707775116
278001,0.10734310001134872
269623,0.35937365889549255
211632,0.11887404322624207
278622,0.02670135162770748
291799,0.059117693454027176
273576,0.10035321116447449
242641,0.10734310001134872
246244,0.049625463783741
249629,0.04144885763525963
233017,0.047421082854270935
236942,0.05053362622857094
298407,0.10734310001134872
267870,0.07137837260961533
285308,0.035768695175647736
285365,0.052890293300151825
207008,0.19762776792049408
207534,0.4309522807598114
278089,0.11859014630317688
229882,0.22787600755691528
238766,0.12511570751667023
254805,0.032502274960279465
256853,0.33481574058532715
213331,0.026007594540715218
216568,0.24556846916675568
277217,0.035376448184251785
218406,0.24761411547660828
261552,0.059443987905979156
286495,0.08128245174884796
287314,0.4997900426387787
289964,0.07691491395235062
208456,0.2062085121870041
204673,0.0328696146607399
237003,0.39645281434059143
234918,0.16562499105930328
241148,0.06744284927845001
211252,0.03760480508208275
255907,0.01037511695176363
272332,0.07129435986280441
248062,0.11368203908205032
274326,0.14337339997291565
212557,0.19588273763656616
222753,0.07806131988763809
220302,0.1431940644979477
275287,0.04226663336157799
244224,0.38667619228363037
298618,0.02781214565038681
206521,0.08303068578243256
267848,0.10057882219552994
296383,0.13038471341133118
243913,0.10734310001134872
275579,0.10734310001134872
205296,0.139056995511055
287040,0.10734310001134872
261767,0.10734310001134872
244531,0.10734310001134872
247279,0.04751142859458923
287198,0.062239550054073334
201838,0.1384408324956894
257315,0.06990615278482437
263748,0.10734310001134872
251303,0.03129809349775314
239701,0.1026703342795372
221609,0.041634898632764816
238500,0.3165508806705475
296353,0.3789511024951935
263454,0.37639155983924866
234690,0.16594834625720978
241532,0.17438557744026184
279644,0.041070520877838135
296851,0.0614524707198143
298516,0.21614575386047363
251697,0.11699844151735306
261330,0.10734310001134872
215323,0.025448231026530266
255561,0.12990236282348633
299949,0.02976573444902897
271802,0.2651968002319336
293728,0.32034680247306824
297402,0.28854575753211975
206303,0.016150759533047676
248092,0.18886391818523407
237734,0.18792064487934113
235001,0.34569108486175537
293368,0.04865383356809616
238823,0.0709196925163269
283212,0.10244856774806976
271888,0.33998602628707886
200468,0.029232248663902283
255805,0.1042356789112091
272353,0.06876011192798615
214798,0.14934159815311432
297526,0.07706493139266968
278281,0.27696412801742554
291317,0.02632429264485836
277416,0.045846711844205856
270313,0.10734310001134872
218102,0.04445510357618332
234859,0.14763927459716797
234360,0.06409609317779541
249489,0.10734310001134872
284762,0.04011908918619156
259840,0.04723268374800682
251439,0.05177963897585869
275762,0.04094812646508217
236356,0.09645196795463562
261952,0.10734310001134872
205540,0.04077376797795296
218539,0.1752544492483139
286736,0.05715148523449898
266043,0.0772818848490715
209576,0.10734310001134872
206221,0.057174794375896454
214904,0.044528305530548096
271301,0.2398536503314972
238492,0.051740601658821106
231640,0.047928087413311005
240345,0.1557949334383011
255287,0.010471062734723091
235231,0.03696927800774574
281364,0.13486915826797485
228033,0.03745754808187485
279120,0.03014102764427662
296019,0.04565153270959854
286726,0.18274027109146118
242500,0.09269194304943085
276696,0.028788220137357712
254650,0.1556169092655182
248095,0.10734310001134872
260046,0.024607907980680466
298445,0.12754510343074799
262609,0.025794776156544685
281710,0.10734310001134872
254767,0.08981733024120331
238140,0.036409467458724976
202997,0.032019633799791336
213159,0.08286406844854355
257328,0.4341683089733124
209947,0.36126095056533813
261687,0.09833785146474838
224306,0.10798157006502151
208651,0.11131927371025085
266967,0.19913925230503082
226682,0.0672457367181778
231671,0.030176416039466858
290162,0.047598905861377716
293570,0.06131679192185402
227413,0.051154229789972305
253964,0.045694902539253235
254019,0.07669106125831604
279540,0.13150642812252045
284557,0.03494606539607048
262210,0.09352611005306244
294414,0.13775551319122314
226403,0.09415896981954575
219593,0.24443119764328003
292400,0.10734310001134872
239984,0.1610720455646515
245332,0.04770278558135033
288067,0.5567755103111267
290994,0.13173609972000122
218990,0.03293789550662041
210217,0.062246840447187424
249899,0.10760153830051422
280313,0.0679742768406868
264644,0.09548081457614899
250408,0.08346594125032425
290501,0.042767930775880814
207667,0.07498715072870255
217665,0.04667288437485695
253488,0.722084105014801
245136,0.24224326014518738
261408,0.06805302947759628
272366,0.048095591366291046
259653,0.05708645284175873
283327,0.028051195666193962
224892,0.10734310001134872
242790,0.16806164383888245
232423,0.055575914680957794
282558,0.05562061816453934
225284,0.10734310001134872
290681,0.11434663832187653
228433,0.07044482231140137
221490,0.09721849113702774
207544,0.04672935605049133
250588,0.1671086549758911
221747,0.2705928385257721
248521,0.28116574883461
236623,0.04712170735001564
203570,0.06264998018741608
224785,0.08536333590745926
254617,0.10734310001134872
205813,0.23018881678581238
235397,0.05009256303310394
296360,0.10734310001134872
281309,0.21579962968826294
273540,0.10734310001134872
207153,0.09722432494163513
275372,0.03538749739527702
204495,0.020859504118561745
219132,0.028361164033412933
224855,0.17403589189052582
258289,0.049098409712314606
224542,0.0269946176558733
263433,0.2230394333600998
293181,0.04636682942509651
241692,0.022776521742343903
200081,0.12512247264385223
256938,0.06967583298683167
228518,0.07547714561223984
227902,0.09920172393321991
298669,0.03123089112341404
271872,0.032129935920238495
274177,0.08505330234766006
262084,0.08434146642684937
251342,0.17610320448875427
286323,0.03815028816461563
281971,0.027733460068702698
230862,0.03285155072808266
267520,0.09236763417720795
231296,0.028063001111149788
279618,0.04334985837340355
282574,0.10734310001134872
202615,0.1941147893667221
252310,0.20567399263381958
273281,0.07590910792350769
233306,0.08629617840051651
285756,0.2028549760580063
201405,0.11198379844427109
266120,0.06866928935050964
202830,0.058888453990221024
299033,0.33206936717033386
289952,0.17385341227054596
247564,0.14788950979709625
289327,0.1774284839630127
203323,0.0660925880074501
276257,0.03058496303856373
278319,0.07061096280813217
260994,0.06000431254506111
266756,0.044557515531778336
282729,0.12983064353466034
298939,0.3728872537612915
259808,0.10734310001134872
283289,0.05907219275832176
234025,0.05949043855071068
245976,0.07941880822181702
216399,0.01495156530290842
258035,0.04617900773882866
278947,0.040329087525606155
251613,0.07890304923057556
229620,0.6755607724189758
274278,0.054721761494874954
213931,0.040402282029390335
240508,0.10734310001134872
221924,0.12411649525165558
266564,0.03007947839796543
251023,0.057844772934913635
209491,0.03297353535890579
240761,0.2548598349094391
258442,0.10734310001134872
201818,0.035761673003435135
253009,0.15599852800369263
237888,0.07902563363313675
214667,0.07375217974185944
206323,0.07849207520484924
269757,0.13318346440792084
211052,0.2652733027935028
243486,0.08855847269296646
232156,0.054314613342285156
208086,0.09654287993907928
236594,0.02449507638812065
298019,0.04124367982149124
231577,0.016371436417102814
286120,0.02453376166522503
274022,0.13320346176624298
256123,0.10452952980995178
259399,0.21705572307109833
225130,0.0663318932056427
200044,0.11809719353914261
221871,0.10734310001134872
288492,0.09761089086532593
262527,0.06594430655241013
233870,0.0621587336063385
253773,0.04169969633221626
217833,0.02447792887687683
251652,0.10734310001134872
239782,0.08015204966068268
256426,0.30791327357292175
237899,0.06512913107872009
269373,0.03881749138236046
232974,0.03643197938799858
214435,0.1468321830034256
204624,0.07585027813911438
209121,0.034250836819410324
263663,0.11548735201358795
211899,0.13589495420455933
226348,0.1260909140110016
263050,0.019861560314893723
266088,0.05090669170022011
228386,0.2055823653936386
261419,0.0686735138297081
279154,0.061125438660383224
234765,0.059627048671245575
282091,0.21961060166358948
236606,0.10734310001134872
255128,0.09062901139259338
211842,0.019833924248814583
236561,0.06796497851610184
215490,0.03633430227637291
214011,0.08639366179704666
200699,0.26274004578590393
270473,0.05282893031835556
270726,0.02997412160038948
236772,0.22282476723194122
296415,0.02685372345149517
256599,0.05741448327898979
251424,0.6319082975387573
204787,0.10734310001134872
299666,0.1275245100259781
241087,0.05668839439749718
291763,0.04545313119888306
237466,0.10734310001134872
259434,0.10734310001134872
288836,0.11884318292140961
247128,0.09734112024307251
203454,0.12931519746780396
262771,0.0201349388808012
246743,0.02353966236114502
211938,0.2880484461784363
201003,0.10734310001134872
282644,0.056292641907930374
290590,0.025221679359674454
214688,0.088142029941082
256856,0.04817673936486244
296116,0.08562736958265305
278107,0.0718020498752594
244910,0.09177204221487045
201560,0.05564358830451965
288752,0.2520941197872162
227490,0.07206808775663376
214652,0.09373676031827927
232806,0.08640734851360321
298684,0.10160543769598007
222730,0.08679991960525513
235413,0.12800200283527374
233321,0.05275221914052963
227726,0.017236169427633286
234855,0.1632089614868164
261844,0.0810924544930458
295762,0.10734310001134872
226013,0.07997030764818192
282830,0.10734310001134872
288946,0.1554686725139618
236160,0.04126812145113945
213826,0.02298799715936184
253044,0.041625842452049255
253694,0.14433063566684723
285209,0.09071788936853409
215837,0.17243248224258423
265689,0.12618133425712585
204551,0.11081963777542114
261883,0.3182905614376068
275064,0.06092286482453346
234557,0.036709222942590714
282600,0.5124959349632263
278847,0.2363675832748413
291401,0.05044916272163391
248104,0.0501042939722538
298779,0.19271071255207062
221373,0.05137629061937332
267648,0.02617802657186985
201603,0.06520591676235199
262383,0.032638922333717346
222450,0.5589025020599365
287598,0.2539612948894501
228953,0.10734310001134872
277652,0.04890316352248192
292249,0.009202742017805576
280003,0.4274738132953644
248887,0.07405900955200195
295273,0.17759260535240173
219717,0.08224224299192429
273010,0.0367061011493206
241632,0.10734310001134872
229912,0.027482597157359123
296079,0.10734310001134872
228243,0.056044697761535645
280902,0.1959855556488037
210003,0.042761363089084625
239198,0.06847133487462997
261918,0.13751104474067688
294432,0.14636698365211487
244557,0.17805823683738708
210644,0.29317137598991394
232034,0.10734310001134872
244286,0.10734310001134872
201272,0.024545500054955482
200797,0.033990126103162766
223322,0.10734310001134872
253155,0.21451519429683685
257303,0.12178647518157959
283688,0.018731888383626938
260736,0.1327216923236847
209678,0.05973256006836891
218145,0.029649075120687485
235199,0.10734310001134872
295593,0.07260555773973465
240017,0.10808766633272171
229720,0.04688886180520058
264985,0.10734310001134872
254324,0.04612575098872185
216231,0.06942795217037201
243032,0.0727752149105072
254709,0.10734310001134872
279551,0.17294909060001373
279766,0.08844174444675446
229346,0.016736501827836037
229606,0.10734310001134872
264722,0.18653519451618195
292307,0.08798087388277054
216626,0.7413679361343384
204866,0.05860598385334015
240624,0.10734310001134872
283415,0.03922705352306366
245354,0.04085099697113037
215134,0.10734310001134872
260831,0.059719815850257874
223945,0.13651831448078156
282552,0.21779386699199677
246974,0.041983868926763535
284799,0.08477406203746796
235334,0.02047986537218094
205817,0.18179354071617126
216216,0.10734310001134872
275250,0.060366880148649216
266616,0.10183285176753998
259972,0.13062088191509247
229374,0.06863396614789963
249573,0.04762176796793938
223016,0.0676838606595993
237901,0.34777823090553284
223404,0.04451751336455345
246687,0.07908670604228973
269958,0.08567263185977936
270299,0.038988810032606125
251698,0.03685956820845604
239098,0.06243010237812996
251730,0.1510787010192871
290418,0.05180422589182854
243400,0.037671707570552826
249092,0.16286885738372803
298538,0.08116347342729568
260098,0.10483049601316452
273722,0.28171494603157043
217342,0.05288063734769821
286411,0.4855901300907135
230889,0.16507531702518463
269443,0.055191829800605774
254085,0.24980132281780243
281662,0.03896081820130348
295986,0.04974779114127159
277477,0.28400200605392456
267814,0.03886409476399422
282063,0.03284594789147377
218646,0.03650849685072899
234890,0.2306826263666153
225163,0.04608389362692833
245024,0.187820702791214
288936,0.06763510406017303
265310,0.1680033653974533
234064,0.07667112350463867
238440,0.04755709692835808
257561,0.02539333514869213
290071,0.07123833894729614
219333,0.2566889524459839
247539,0.14873762428760529
282774,0.03290591388940811
202224,0.026349859312176704
201297,0.11860997974872589
203273,0.06205055117607117
221383,0.05286751314997673
232920,0.0866338387131691
210285,0.06103105843067169
295819,0.06773258000612259
217994,0.343164324760437
234482,0.048881806433200836
211763,0.06071458384394646
270641,0.1286589801311493
270239,0.050933048129081726
298632,0.0750603973865509
273089,0.2116723656654358
216358,0.08732087165117264
287795,0.13239091634750366
206270,0.01564536616206169
244528,0.10734310001134872
222125,0.027388470247387886
279001,0.10734310001134872
202437,0.08330763876438141
200853,0.02181491255760193
231841,0.07836456596851349
255588,0.04464411363005638
278609,0.17867717146873474
212815,0.20704150199890137
269568,0.060167331248521805
285622,0.025133009999990463
236896,0.19308340549468994
226201,0.051021285355091095
251233,0.03713642805814743
240236,0.5552046298980713
285519,0.19167134165763855
256759,0.06665991246700287
233224,0.07862965017557144
234826,0.023776432499289513
218018,0.05298370122909546
230766,0.10734310001134872
216482,0.09029051661491394
224502,0.05440373346209526
296269,0.33067113161087036
263130,0.03866200149059296
278469,0.034653663635253906
299786,0.07445567101240158
212730,0.08503858745098114
288636,0.06289440393447876
234868,0.19340607523918152
214122,0.033844977617263794
288015,0.09676956385374069
236797,0.02680949866771698
203799,0.2038634866476059
229965,0.05542108044028282
273331,0.018559206277132034
267745,0.024422358721494675
282272,0.10734310001134872
221640,0.1013769805431366
229508,0.0509510338306427
221756,0.05496450886130333
271945,0.04494473338127136
298475,0.04568993300199509
247635,0.10073556751012802
264143,0.04360087588429451
255189,0.1305248886346817
224971,0.10734310001134872
201564,0.03585286810994148
210104,0.05774269253015518
245083,0.039256080985069275
223406,0.037946537137031555
275570,0.22627903521060944
282925,0.07410473376512527
294794,0.05955775827169418
210092,0.10734310001134872
293636,0.10734310001134872
264883,0.05524665489792824
274754,0.10734310001134872
287055,0.027806641533970833
269841,0.09038463979959488
296158,0.16996321082115173
263119,0.10699091851711273
249468,0.10780445486307144
219143,0.08180894702672958
208210,0.09752541780471802
218889,0.09488996118307114
215655,0.1730191707611084
205361,0.10734310001134872
207220,0.13393819332122803
299043,0.12609480321407318
219864,0.054749567061662674
215493,0.01763291284441948
273805,0.04930519685149193
250165,0.16076599061489105
230211,0.10734310001134872
241676,0.10734310001134872
211986,0.032498788088560104
287980,0.044802337884902954
273804,0.0285683274269104
296202,0.13234469294548035
221612,0.06255070120096207
237962,0.08564428240060806
295288,0.052792150527238846
264631,0.17691582441329956
242304,0.050044946372509
272824,0.09073583781719208
269350,0.10734310001134872
273330,0.021093925461173058
221323,0.05786138027906418
297003,0.0677197128534317
215453,0.23111900687217712
242354,0.04894538223743439
205262,0.13504274189472198
262835,0.03927062824368477
295775,0.10734310001134872
231377,0.10734310001134872
274258,0.18370719254016876
214157,0.05219165235757828
270951,0.05753612145781517
227528,0.049150463193655014
278103,0.07712806761264801
257425,0.10734310001134872
220169,0.02380618266761303
243595,0.04150685667991638
220772,0.37688928842544556
253685,0.048326924443244934
205677,0.058926038444042206
292102,0.16593478620052338
201065,0.019493674859404564
224537,0.025880003347992897
268755,0.05639036372303963
275004,0.15743304789066315
262579,0.3696862757205963
291956,0.20774859189987183
295962,0.0779142901301384
228543,0.2146143764257431
280539,0.05606139823794365
216413,0.05244605615735054
216458,0.06613179296255112
286332,0.06541001051664352
240974,0.10734310001134872
284207,0.08824224770069122
216851,0.031142154708504677
244502,0.19523298740386963
224721,0.40205058455467224
233303,0.054605625569820404
261459,0.07301818579435349
258947,0.033522531390190125
213427,0.042303044348955154
233145,0.04936859756708145
277306,0.08865988999605179
290498,0.0636812373995781
286478,0.03144329413771629
268380,0.1155005693435669
234541,0.060307107865810394
269884,0.21698415279388428
231642,0.11840968579053879
221720,0.02330966293811798
213335,0.03541383892297745
258355,0.05879181623458862
268129,0.044738080352544785
288854,0.10693873465061188
210630,0.3027377724647522
263974,0.12382733821868896
218423,0.10734310001134872
203889,0.2370193600654602
262983,0.12964121997356415
296881,0.21296104788780212
226479,0.14365065097808838
233322,0.44352859258651733
261557,0.05299706384539604
227455,0.1374562382698059
213855,0.06305506825447083
290399,0.07521790266036987
233559,0.009801872074604034
270201,0.3144438564777374
243825,0.044826097786426544
218555,0.04205317422747612
213693,0.10482437163591385
289385,0.02102453075349331
275076,0.1793123036623001
261125,0.10734310001134872
243560,0.15116475522518158
242520,0.2297939956188202
215772,0.10734310001134872
289598,0.07600513845682144
296327,0.053838081657886505
247121,0.03566346690058708
219848,0.13514147698879242
298519,0.06186474487185478
250649,0.14440840482711792
253545,0.08664523810148239
205803,0.11622680723667145
269401,0.032892778515815735
217286,0.053754016757011414
280978,0.09179972857236862
250630,0.08917903155088425
266876,0.08542333543300629
285173,0.06274724006652832
250989,0.2738932967185974
294962,0.15001128613948822
239366,0.15974333882331848
206084,0.04642878472805023
228378,0.10734310001134872
298653,0.25224563479423523
201566,0.05174308270215988
245764,0.07086782902479172
204099,0.318842351436615
245733,0.231571227312088
204634,0.1500893384218216
282205,0.050655946135520935
292392,0.0798945501446724
217914,0.3370358943939209
204364,0.08694973587989807
227239,0.07864835858345032
222270,0.182913675904274
222350,0.02389281988143921
269515,0.04090547934174538
289413,0.09632740914821625
233533,0.09276171028614044
281257,0.05655640363693237
252314,0.15426495671272278
211016,0.033406779170036316
288216,0.07656506448984146
219381,0.23617175221443176
271609,0.04746225103735924
253699,0.10734310001134872
204672,0.05736314877867699
222961,0.0321139357984066
241227,0.41530492901802063
272671,0.062382813543081284
266615,0.16813376545906067
274414,0.0900011882185936
278233,0.1791154444217682
233080,0.10734310001134872
292618,0.3048548400402069
235158,0.06280268728733063
243318,0.1644899845123291
234898,0.10734310001134872
266337,0.7099936008453369
220279,0.0984838679432869
276160,0.07296252995729446
239821,0.13499033451080322
227086,0.02896331064403057
282677,0.14368371665477753
230071,0.17825324833393097
229232,0.3127747178077698
223885,0.26951056718826294
263089,0.18458950519561768
287495,0.10734310001134872
205758,0.10326418280601501
256098,0.10760211199522018
246278,0.20529764890670776
247666,0.063661128282547
208463,0.03429768234491348
268110,0.06418906897306442
201940,0.04235108941793442
262639,0.07977154105901718
217508,0.18537814915180206
205405,0.03103518858551979
260550,0.10734310001134872
260024,0.10745669156312943
258845,0.08225926756858826
299846,0.056276291608810425
236508,0.015064490027725697
264624,0.042299799621105194
293127,0.12340835481882095
224190,0.09098058938980103
252411,0.0600845105946064
298871,0.04063323140144348
268299,0.05847862362861633
292375,0.034032031893730164
250131,0.2690839171409607
260746,0.1298070251941681
236021,0.2883801758289337
231000,0.09877507388591766
288181,0.12791365385055542
200326,0.07066630572080612
266156,0.04792850464582443
254752,0.038154684007167816
267759,0.28408393263816833
223489,0.024317290633916855
248649,0.10734310001134872
278757,0.04375326633453369
288107,0.11816297471523285
259757,0.25354620814323425
244559,0.10833122581243515
272538,0.03864365443587303
271730,0.21672138571739197
220344,0.1537247598171234
216149,0.04155918210744858
222052,0.07615964859724045
256467,0.060752417892217636
217626,0.09417583793401718
200203,0.04708240181207657
255044,0.09454383701086044
259676,0.0468391478061676
262255,0.14805768430233002
215177,0.12675724923610687
266851,0.09472782164812088
241551,0.10734310001134872
221517,0.03946395218372345
229961,0.0528448149561882
212342,0.03079185262322426
238453,0.26926660537719727
271886,0.026513652876019478
230358,0.23967044055461884
271613,0.04931628331542015
252219,0.023861924186348915
201820,0.104374960064888
236752,0.10734310001134872
208146,0.06772458553314209
294206,0.06710360944271088
250988,0.09111354500055313
200614,0.02045525051653385
242359,0.19988396763801575
248967,0.027127496898174286
215222,0.03292999044060707
208762,0.06732501089572906
249744,0.028495268896222115
294784,0.09483297914266586
246826,0.021360013633966446
219207,0.019153818488121033
269283,0.10734310001134872
255593,0.02921713888645172
231477,0.10734310001134872
242388,0.07813861966133118
271600,0.034390889108181
264360,0.0383438915014267
287214,0.05589788407087326
261615,0.04341353848576546
276611,0.10734310001134872
270802,0.06118218973278999
256069,0.01963275671005249
218963,0.07254242151975632
213315,0.18965335190296173
264411,0.07825244963169098
279637,0.043438296765089035
217810,0.10734310001134872
285536,0.08615736663341522
228531,0.09415587782859802
241170,0.05347709357738495
270255,0.05333850160241127
289944,0.1426522582769394
297084,0.18847428262233734
243238,0.06246141344308853
273984,0.05763011798262596
274825,0.1321941763162613
212228,0.10734310001134872
299658,0.09710980951786041
243802,0.08840185403823853
288274,0.08175259083509445
240110,0.20878440141677856
257389,0.10067877173423767
209290,0.021696528419852257
218390,0.08492013067007065
287837,0.04555823653936386
297579,0.02564345858991146
244095,0.024248864501714706
254321,0.21314842998981476
206237,0.04796557500958443
293107,0.058223042637109756
216386,0.10588744282722473
263853,0.040281590074300766
241960,0.0480620302259922
295951,0.10734310001134872
220042,0.5400795936584473
286904,0.20363032817840576
273662,0.04969356581568718
250368,0.022176291793584824
252781,0.13282544910907745
219305,0.06481622904539108
280489,0.03167366608977318
218314,0.08325781673192978
245305,0.059587299823760986
242343,0.10073093324899673
203480,0.0497220903635025
260011,0.23587384819984436
289378,0.19558484852313995
230167,0.056105174124240875
237767,0.018693890422582626
252858,0.2972574532032013
287072,0.029086729511618614
275521,0.046494148671627045
256146,0.07187315076589584
235788,0.16977378726005554
248498,0.05478670075535774
297513,0.04443981498479843
253261,0.037182923406362534
292118,0.19042082130908966
221959,0.05209548398852348
237103,0.10734310001134872
227829,0.12409413605928421
297308,0.06923964619636536
233442,0.04051946476101875
281017,0.10734310001134872
242009,0.08490660041570663
293821,0.09666235744953156
273651,0.0494069829583168
232349,0.024742715060710907
241368,0.05591610446572304
262374,0.09351933747529984
235435,0.10734310001134872
289265,0.043495725840330124
267680,0.0804302841424942
218334,0.13110584020614624
244591,0.10734310001134872
206964,0.0906093493103981
228344,0.040903180837631226
253069,0.09475342929363251
202729,0.054865702986717224
273815,0.1451936662197113
253048,0.041570212692022324
217793,0.18492738902568817
208744,0.09511640667915344
281972,0.08024506270885468
233587,0.0667107030749321
220319,0.04116395488381386
213760,0.06517218053340912
248996,0.08551088720560074
272405,0.07223424315452576
226535,0.371576726436615
252918,0.06007068604230881
246495,0.10734310001134872
260258,0.15101827681064606
292923,0.026067977771162987
275013,0.06710555404424667
206149,0.10734310001134872
265223,0.03038005717098713
293990,0.029290353879332542
238541,0.04196541756391525
264134,0.10734310001134872
292588,0.10734310001134872
228590,0.09858428686857224
296621,0.06783626973628998
229189,0.06283333152532578
268339,0.07674618065357208
211882,0.3251466155052185
213415,0.14549821615219116
226863,0.29017266631126404
235272,0.09412308782339096
200622,0.06374729424715042
233703,0.06594690680503845
204332,0.0407862588763237
226120,0.10734310001134872
237884,0.21196244657039642
208138,0.7386266589164734
244456,0.02651839144527912
282705,0.105119489133358
297307,0.07780283689498901
212818,0.024083122611045837
213581,0.04801888391375542
295187,0.043810416013002396
279584,0.0466347374022007
275151,0.043227486312389374
264657,0.33239057660102844
262596,0.10734310001134872
226291,0.03861967846751213
279948,0.060903824865818024
200553,0.10734310001134872
295935,0.08358891308307648
230305,0.2735453248023987
222155,0.10734310001134872
235168,0.27478334307670593
265928,0.6333228945732117
223493,0.17167575657367706
271278,0.027577482163906097
220474,0.06139899045228958
271905,0.16003239154815674
286283,0.08042310178279877
231837,0.04266943782567978
204022,0.09928914904594421
251131,0.041040413081645966
293911,0.13488364219665527
285620,0.06029072776436806
206759,0.19010934233665466
285113,0.3463980257511139
200063,0.07805600762367249
251393,0.09405072033405304
291855,0.14591674506664276
231382,0.04608634486794472
227414,0.02886214479804039
255285,0.04663581773638725
210024,0.15380825102329254
202089,0.05879206955432892
276970,0.08429564535617828
245009,0.10734310001134872
224125,0.0978754386305809
283733,0.14428192377090454
291700,0.08866406977176666
288780,0.05999208614230156
270886,0.23420670628547668
294017,0.08648259937763214
279069,0.021916035562753677
280897,0.010563070885837078
253986,0.06913238018751144
220527,0.09624422341585159
212470,0.2647055387496948
290939,0.22018744051456451
241118,0.10734310001134872
298678,0.15857429802417755
283062,0.048862941563129425
296374,0.03795166313648224
212133,0.06479625403881073
245369,0.09487265348434448
293744,0.03574375808238983
278268,0.06328227370977402
275889,0.038629200309515
228267,0.04906240478157997
246259,0.04266531020402908
220963,0.10734310001134872
286257,0.17985181510448456
285021,0.054836541414260864
283653,0.1883104294538498
203571,0.4940398037433624
252542,0.09775008261203766
280084,0.06132497265934944
264803,0.2140396684408188
241524,0.04636768624186516
266393,0.10734310001134872
253126,0.2842263877391815
274058,0.06128755584359169
233669,0.10734310001134872
288981,0.05498168244957924
213151,0.10241632908582687
294443,0.0242999866604805
217017,0.07911916077136993
215169,0.10476073622703552
250181,0.10734310001134872
211033,0.10734310001134872
281741,0.07304928451776505
261714,0.029907630756497383
214333,0.057615671306848526
220073,0.049376875162124634
256862,0.0815250352025032
280065,0.036344751715660095
222863,0.026733415201306343
201789,0.0445813350379467
214087,0.03953438252210617
271161,0.2348976731300354
289088,0.02316012606024742
274229,0.09175685793161392
234315,0.0765441432595253
272451,0.10395689308643341
207196,0.03773273155093193
233116,0.10734310001134872
291877,0.020278898999094963
265686,0.24098710715770721
215496,0.5823533535003662
245303,0.3832915723323822
272109,0.027614817023277283
269341,0.046536728739738464
244855,0.10734310001134872
277581,0.1268756240606308
264788,0.08932709693908691
277726,0.8027949333190918
220961,0.06420230865478516
228783,0.09784489870071411
240120,0.15025554597377777
244966,0.05659729987382889
232566,0.10553735494613647
200481,0.02302190288901329
242760,0.23250973224639893
248908,0.04288432374596596
219167,0.0670611634850502
290301,0.02171565592288971
237088,0.027726728469133377
234406,0.028885256499052048
245233,0.06732424348592758
299716,0.06821742653846741
206039,0.22234579920768738
211615,0.02281579002737999
215343,0.027024582028388977
231679,0.02551964670419693
288098,0.2731836140155792
290488,0.02694658562541008
212269,0.029694896191358566
203059,0.04288399964570999
202234,0.08269685506820679
248074,0.16829723119735718
235906,0.030417807400226593
239761,0.030298203229904175
214144,0.1345759928226471
260593,0.13204385340213776
290051,0.06035484001040459
232778,0.10734310001134872
269165,0.05107319355010986
214485,0.24403640627861023
286956,0.16783683001995087
288506,0.15120738744735718
282747,0.45559462904930115
291665,0.11339820176362991
277867,0.3672858774662018
244195,0.09643162786960602
279382,0.14535707235336304
242006,0.08142516016960144
293300,0.07186336070299149
245256,0.03203094005584717
240620,0.10395371913909912
220046,0.2287520170211792
261769,0.14930643141269684
280296,0.07508733868598938
281403,0.03746272623538971
263165,0.01248974073678255
232421,0.05216072499752045
248206,0.06491811573505402
246917,0.019017359241843224
255935,0.10734310001134872
277644,0.02564333938062191
268031,0.027400370687246323
291926,0.10734310001134872
205824,0.1486867070198059
201424,0.0953013151884079
290648,0.2591879367828369
209695,0.44836661219596863
209534,0.01788156107068062
255473,0.15254807472229004
280613,0.06701182574033737
288454,0.1515403389930725
239742,0.13968536257743835
227139,0.14442065358161926
267340,0.09650816023349762
241844,0.09803000837564468
270698,0.12867674231529236
292147,0.03391103446483612
271406,0.10734310001134872
299102,0.18406130373477936
299678,0.6034121513366699
244804,0.0832020714879036
237525,0.06158240884542465
293220,0.0445268340408802
262515,0.07800856977701187
239844,0.018500199541449547
283883,0.13246122002601624
221540,0.04124721884727478
222807,0.14053966104984283
232850,0.1833602637052536
269862,0.04745647311210632
280483,0.008847146295011044
205037,0.07869517803192139
260114,0.5642163157463074
249636,0.5625399351119995
225297,0.04237164184451103
264311,0.055527690798044205
239702,0.03858349099755287
217284,0.026228653267025948
253642,0.018388627097010612
273572,0.047996241599321365
223291,0.08832292258739471
295306,0.10734310001134872
245288,0.04111318662762642
250042,0.05012119561433792
293915,0.09284224361181259
285934,0.24937504529953003
265367,0.06969472020864487
268939,0.07622868567705154
214624,0.04849531129002571
299614,0.04513390362262726
249733,0.06568974256515503
268477,0.020454518496990204
263862,0.16134528815746307
242498,0.06172248721122742
267548,0.15039747953414917
263123,0.14650240540504456
237544,0.11634264141321182
280789,0.04718621447682381
209923,0.07606398314237595
275578,0.04488629102706909
287656,0.18346497416496277
259277,0.09963022172451019
242986,0.3260853886604309
219831,0.10734310001134872
225032,0.08330792188644409
247438,0.1600501984357834
229382,0.023739833384752274
296170,0.03958660364151001
236871,0.035745300352573395
204619,0.1629040688276291
269759,0.049932435154914856
221072,0.029836559668183327
231026,0.36164432764053345
257669,0.18072041869163513
238449,0.10734310001134872
277209,0.03088834509253502
273656,0.04435267299413681
201095,0.02351410873234272
245126,0.10734310001134872
200591,0.013956268317997456
207844,0.027143515646457672
241140,0.11062242835760117
213254,0.10734310001134872
263066,0.023485513404011726
271207,0.08099598437547684
297886,0.10734310001134872
292192,0.08909374475479126
232773,0.05116723105311394
241115,0.02557522803544998
218841,0.10734310001134872
293211,0.11971275508403778
284772,0.10734310001134872
261709,0.10734310001134872
203791,0.1101854145526886
217846,0.1052839532494545
223311,0.06932777166366577
248207,0.12837491929531097
278206,0.20008571445941925
297986,0.07124268263578415
225696,0.05801360681653023
214204,0.04447849467396736
210029,0.019360389560461044
265294,0.10734310001134872
237773,0.10302385687828064
212110,0.16824467480182648
245104,0.046208448708057404
250285,0.04216715693473816
252136,0.1504237949848175
203451,0.04720230773091316
268550,0.04264529049396515
220559,0.19391681253910065
267808,0.08467255532741547
219101,0.22348909080028534
242681,0.08158762007951736
265037,0.1689474880695343
237055,0.10734310001134872
264861,0.027806298807263374
228475,0.03812343254685402
290143,0.056160297244787216
248848,0.07257971167564392
223518,0.0674826130270958
287492,0.17321398854255676
246240,0.553081214427948
230569,0.035297948867082596
254679,0.11577168107032776
223142,0.34161147475242615
273907,0.058050114661455154
299389,0.14097850024700165
207114,0.23811832070350647
217203,0.02245788276195526
284263,0.05294704809784889
253765,0.08974910527467728
255703,0.17134028673171997
208493,0.2558424770832062
292987,0.10734310001134872
297344,0.12870456278324127
219620,0.11116258800029755
224995,0.13320674002170563
204234,0.22248151898384094
259673,0.07421105355024338
219400,0.031639259308576584
232956,0.343080997467041
285507,0.17730428278446198
280883,0.049745939671993256
208290,0.022689970210194588
257220,0.03093111887574196
223567,0.03928505256772041
234550,0.1014479398727417
213433,0.08071871101856232
224840,0.122884601354599
232286,0.10734310001134872
250120,0.02477097325026989
228936,0.0838867574930191
258595,0.031224532052874565
227952,0.02716151997447014
270514,0.8003145456314087
295853,0.2178351730108261
275543,0.04130851477384567
240205,0.12351522594690323
218158,0.04628046974539757
283836,0.01634714938700199
293060,0.08876575529575348
273969,0.21784691512584686
220351,0.03325367718935013
201194,0.11455344408750534
216892,0.0690755546092987
205021,0.09306468069553375
292772,0.039452530443668365
201883,0.0843670442700386
201428,0.04801856726408005
205979,0.21687383949756622
272645,0.08093010634183884
227793,0.10734310001134872
260152,0.4450851082801819
240428,0.04368621110916138
222337,0.10138269513845444
248688,0.06983828544616699
205697,0.10734310001134872
224823,0.5920276641845703
263189,0.0557011179625988
225994,0.06423169374465942
297946,0.10487619042396545
270612,0.0632299929857254
258677,0.17345623672008514
257124,0.2266017198562622
285931,0.07792165875434875
210415,0.0754200667142868
256727,0.2536815404891968
232072,0.3230404853820801
254293,0.022123105823993683
276601,0.09680873155593872
202065,0.08076795935630798
277630,0.23778600990772247
219399,0.03377317637205124
285272,0.06267198175191879
263945,0.06970939040184021
239563,0.0772317498922348
219306,0.10734310001134872
291310,0.07289329916238785
233057,0.2843799293041229
279544,0.08870574831962585
274526,0.16578638553619385
271781,0.016283296048641205
223361,0.13425394892692566
285948,0.17672502994537354
298650,0.03426901623606682
204693,0.12184048444032669
229506,0.26691439747810364
205508,0.24155838787555695
210488,0.07773017883300781
215264,0.10734310001134872
234233,0.08512204140424728
216604,0.08637572824954987
260520,0.044774170964956284
213539,0.05373081937432289
272836,0.04667770490050316
271076,0.14703913033008575
241576,0.15238577127456665
261940,0.02347542718052864
245517,0.33703088760375977
248782,0.9107441306114197
203801,0.0761520192027092
257861,0.09822823107242584
201104,0.05070830509066582
218885,0.3985022008419037
247404,0.03677409142255783
210565,0.08460754156112671
250115,0.045377109199762344
286822,0.10562469065189362
235761,0.06383225321769714
257997,0.07381906360387802
268135,0.21073505282402039
299185,0.051798805594444275
206028,0.08213019371032715
225214,0.5008959174156189
278461,0.09140980243682861
220962,0.07771938294172287
220388,0.10734310001134872
293244,0.23089930415153503
205347,0.019775215536355972
215392,0.12064413726329803
211608,0.09926624596118927
278566,0.38086768984794617
221117,0.09052766859531403
286196,0.08460237085819244
217745,0.26277804374694824
261924,0.05263728275895119
287593,0.08908020704984665
235398,0.10734310001134872
285366,0.07325071841478348
229081,0.34752029180526733
212994,0.049941953271627426
207262,0.17641039192676544
241546,0.10734310001134872
278177,0.0586971752345562
211489,0.11817481368780136
222105,0.09916212409734726
236825,0.014214444905519485
244641,0.10734310001134872
239333,0.06319042295217514
247834,0.0362551212310791
274456,0.20386460423469543
298039,0.10566181689500809
283537,0.07933203130960464
252497,0.10192063450813293
209020,0.053877126425504684
216726,0.06847937405109406
244578,0.35076478123664856
282753,0.36572667956352234
262308,0.12544530630111694
261985,0.05432990565896034
294087,0.4669778048992157
243505,0.08732625097036362
264579,0.03398868441581726
203825,0.08815977722406387
276349,0.018740830942988396
293320,0.04268448427319527
252816,0.13573476672172546
253509,0.082997627556324
279359,0.1276136040687561
291334,0.05174407735466957
298734,0.03861241042613983
279174,0.09363546967506409
230519,0.05794588476419449
273042,0.034380167722702026
286830,0.04537101835012436
236483,0.15918149054050446
274568,0.02979101799428463
207725,0.10734310001134872
211130,0.05768127366900444
274861,0.03229118511080742
250158,0.10734310001134872
205032,0.1310950219631195
224166,0.09437552839517593
205418,0.050344400107860565
225341,0.10971561819314957
271854,0.05850040912628174
272488,0.15570437908172607
245081,0.03644677624106407
288545,0.06877175718545914
219635,0.13592591881752014
212401,0.07484542578458786
294413,0.7139087915420532
259835,0.18401587009429932
267005,0.031527817249298096
226926,0.1683073490858078
297761,0.09560032933950424
261882,0.1394125074148178
253308,0.16288205981254578
268298,0.03889106214046478
219552,0.04238094016909599
225399,0.20984987914562225
289528,0.03787694126367569
282337,0.04135264828801155
215763,0.21649911999702454
297646,0.04721643403172493
200419,0.07990811765193939
277779,0.025370903313159943
206675,0.03478804975748062
233852,0.25214672088623047
250915,0.34625765681266785
204958,0.7288118004798889
245496,0.07886878401041031
218299,0.10734310001134872
263428,0.10734310001134872
246543,0.08791515976190567
246144,0.10408957302570343
269420,0.08506565541028976
272684,0.3663681745529175
237441,0.06846871972084045
240711,0.19640210270881653
285488,0.0738886222243309
294608,0.3120916783809662
241446,0.05984266847372055
210357,0.022276099771261215
237438,0.04751148819923401
214414,0.029872553423047066
231653,0.07774084806442261
241577,0.10510195791721344
235808,0.04363144934177399
299362,0.04760049283504486
241004,0.045435283333063126
257588,0.0444120317697525
290835,0.08729960024356842
242423,0.0192380640655756
257793,0.06636554002761841
239406,0.07192061841487885
267868,0.43313372135162354
261542,0.17549653351306915
270621,0.023158524185419083
209945,0.0300031416118145
298559,0.10734310001134872
254824,0.03202122449874878
269183,0.09744161367416382
250305,0.08981058746576309
220421,0.11453944444656372
234762,0.028367025777697563
203949,0.05795075371861458
269824,0.0969315841794014
208998,0.06723476201295853
233231,0.1676088273525238
286563,0.10734310001134872
244728,0.1741999387741089
227410,0.038781847804784775
239047,0.08535447716712952
221027,0.06897806376218796
259582,0.038255516439676285
299545,0.3052655756473541
296267,0.10734310001134872
240857,0.1817101389169693
269748,0.12716537714004517
241175,0.06506776064634323
252259,0.10238305479288101
250447,0.0665653645992279
267431,0.10734310001134872
230213,0.040578193962574005
203561,0.10734310001134872
234745,0.5550187826156616
252365,0.10734310001134872
235076,0.060327183455228806
288134,0.03779520466923714
223881,0.013983835466206074
242539,0.03017515502870083
211892,0.2394232153892517
271913,0.10734310001134872
222811,0.10734310001134872
265821,0.04008886218070984
249481,0.04097350314259529
258351,0.08156275004148483
236379,0.10734310001134872
230747,0.06160319596529007
227982,0.0903676450252533
296867,0.2646223306655884
269617,0.2789936363697052
283367,0.04203251376748085
202752,0.05912021920084953
247031,0.14241814613342285
209884,0.10734310001134872
217625,0.06406640261411667
291184,0.08017076551914215
226834,0.07571808993816376
265610,0.10734310001134872
225159,0.05379284545779228
269620,0.09258917719125748
266467,0.034984901547431946
220056,0.06076613813638687
265145,0.015410740859806538
294641,0.05687418207526207
203881,0.07484083622694016
266852,0.22166617214679718
239122,0.17985299229621887
277130,0.10734310001134872
208013,0.031646229326725006
285503,0.10734310001134872
239997,0.09610242396593094
272268,0.10734310001134872
201291,0.050647396594285965
274867,0.07723470777273178
285344,0.09261610358953476
214569,0.10734310001134872
222474,0.039917245507240295
228252,0.02505403570830822
239219,0.2745383679866791
271057,0.10734310001134872
235858,0.09313564747571945
215589,0.1224823147058487
202912,0.14326825737953186
239157,0.06592565029859543
262470,0.029575686901807785
219171,0.15839669108390808
251995,0.038783151656389236
252192,0.08453059941530228
272455,0.10734310001134872
248569,0.21629299223423004
296214,0.13696201145648956
273449,0.018441254273056984
244052,0.13491623103618622
209177,0.03622184321284294
237498,0.18916770815849304
247641,0.026767009869217873
216203,0.13112904131412506
259516,0.2706274092197418
208386,0.06264796108007431
249608,0.18190687894821167
280700,0.2986212372779846
225670,0.08993809670209885
217157,0.03134717047214508
299407,0.047504983842372894
259631,0.166263148188591
299637,0.10734310001134872
249797,0.09913688898086548
244018,0.029447728767991066
212509,0.15340588986873627
252754,0.15909795463085175
242448,0.10734310001134872
277519,0.017616046592593193
207122,0.05097562074661255
253932,0.09860200434923172
213547,0.05966128036379814
216099,0.1507224142551422
259400,0.1352328658103943
244147,0.34628918766975403
277797,0.15551863610744476
207834,0.24396908283233643
223146,0.20102839171886444
262568,0.02524866908788681
220519,0.18826571106910706
275424,0.14876560866832733
296053,0.12981954216957092
280592,0.048677943646907806
263714,0.12913164496421814
252225,0.020758917555212975
203941,0.026307322084903717
260720,0.07781790941953659
258621,0.10734310001134872
234010,0.1387719362974167
251004,0.037966880947351456
212178,0.10059808194637299
293546,0.02214689739048481
279721,0.4125584661960602
201924,0.17910721898078918
295215,0.12684333324432373
231289,0.026618624106049538
261128,0.027968164533376694
226536,0.03256477788090706
276664,0.073970265686512
202447,0.031472478061914444
247368,0.11370144039392471
259267,0.05852949991822243
239996,0.22993049025535583
207270,0.03720105066895485
278662,0.03893740475177765
276203,0.058059211820364
285373,0.07660184055566788
225240,0.030224082991480827
236210,0.08447084575891495
287247,0.030722253024578094
228013,0.1644587516784668
214725,0.08266264200210571
209362,0.2414645105600357
261963,0.10734310001134872
221189,0.23893095552921295
282209,0.06104401871562004
262699,0.060503702610731125
234715,0.031575512140989304
204424,0.10734310001134872
245352,0.06941181421279907
248523,0.043258361518383026
248796,0.07159839570522308
204280,0.30190131068229675
200724,0.10734310001134872
261398,0.07654649019241333
268576,0.10734310001134872
275929,0.1998293399810791
260760,0.030168505385518074
242961,0.2276039868593216
291884,0.1514228731393814
219711,0.04404960200190544
284116,0.10734310001134872
276724,0.028234343975782394
227049,0.0321175716817379
251999,0.0848485454916954
211274,0.04256867617368698
200552,0.24242733418941498
240829,0.04003382474184036
206551,0.0319288931787014
298310,0.11171041429042816
250952,0.038783151656389236
280745,0.06687276810407639
270672,0.10734310001134872
230940,0.11517920345067978
232933,0.03147098049521446
209490,0.03967011719942093
200916,0.10734310001134872
214454,0.06965941935777664
277082,0.38899579644203186
201435,0.07820510119199753
210309,0.06596913933753967
211749,0.10734310001134872
267139,0.03756600245833397
224629,0.06340494751930237
250746,0.021453291177749634
232860,0.05531773716211319
205349,0.059808310121297836
219892,0.42488953471183777
259924,0.041294123977422714
265769,0.08381202816963196
217236,0.025258438661694527
254158,0.10441804677248001
207030,0.028064478188753128
245599,0.42423829436302185
291454,0.11629282683134079
204766,0.059394050389528275
287899,0.17071416974067688
289530,0.062270112335681915
296832,0.02621416375041008
209767,0.04141971096396446
270704,0.1591077297925949
227691,0.05616140738129616
284953,0.01659422181546688
259338,0.2592485547065735
217940,0.06262940913438797
251330,0.08156616240739822
282828,0.036226458847522736
215216,0.12914590537548065
265867,0.04627931863069534
281341,0.04437638819217682
282599,0.24123428761959076
247861,0.10431486368179321
295066,0.09708471596240997
205867,0.050752826035022736
242179,0.10734310001134872
203085,0.10734310001134872
295996,0.05913778021931648
280389,0.0742669478058815
216573,0.1440974324941635
286550,0.13437511026859283
273610,0.2267342060804367
251415,0.1077594980597496
222777,0.03638457506895065
224990,0.05866828188300133
207495,0.08599048107862473
239921,0.34761595726013184
269842,0.14649812877178192
223974,0.17028577625751495
224814,0.326977401971817
239006,0.18353837728500366
272875,0.07751290500164032
243327,0.1855163276195526
287907,0.028721148148179054
282288,0.03076256439089775
231946,0.1751134693622589
216987,0.037645094096660614
287432,0.07021788507699966
252376,0.21347661316394806
213083,0.16552698612213135
283529,0.3776407539844513
265357,0.10595893859863281
241759,0.010809756815433502
245624,0.33796826004981995
292263,0.036094266921281815
287277,0.07415839284658432
272754,0.04477275535464287
218636,0.025261428207159042
200599,0.06087527796626091
281394,0.07230427861213684
206771,0.24358834326267242
275799,0.06261152774095535
258974,0.11560803651809692
298577,0.10734310001134872
206536,0.1736983358860016
259448,0.489557683467865
269752,0.02302972599864006
262140,0.14033515751361847
221211,0.047009482979774475
250711,0.08862698823213577
250502,0.14576348662376404
291153,0.02584693394601345
215858,0.12263006716966629
229932,0.05274072289466858
257967,0.0403345450758934
286920,0.043375808745622635
268263,0.2825808525085449
265555,0.10193587094545364
276105,0.16780008375644684
213783,0.08465492725372314
208161,0.2744445502758026
299480,0.04118774086236954
289351,0.04205603897571564
270120,0.037638403475284576
291533,0.04429669305682182
208165,0.10734310001134872
270286,0.027051012963056564
274243,0.06355973333120346
285589,0.21556247770786285
256475,0.05368247628211975
252105,0.22282865643501282
268820,0.04419723153114319
203432,0.3296070396900177
256007,0.016299372538924217
265268,0.07514771819114685
274228,0.27810999751091003
265074,0.29127877950668335
271104,0.14536142349243164
232210,0.041761405766010284
257218,0.2543282210826874
288884,0.8444997072219849
295190,0.13513317704200745
227157,0.05347193777561188
294912,0.05504947155714035
200465,0.08781224489212036
244761,0.0956982746720314
234548,0.14296209812164307
273171,0.021611066535115242
232723,0.048412878066301346
260262,0.10734310001134872
269170,0.11955784261226654
298103,0.3366817831993103
208052,0.05806582793593407
232166,0.13411444425582886
281945,0
212992,0.035435035824775696
293222,0.018334686756134033
222407,0.0711919441819191
299347,0.07512642443180084
251128,0.05447196587920189
262732,0.034669727087020874
232761,0.1726013571023941
200909,0.06225880980491638
257926,0.11201116442680359
217244,0.03849819675087929
239827,0.10734310001134872
224294,0.05615503713488579
233262,0.017171896994113922
229246,0.21954503655433655
261040,0.016344120725989342
236593,0.08790662884712219
247005,0.08187247812747955
254418,0.11628003418445587
252418,0.0679452121257782
209992,0.028310047462582588
223260,0.06601641327142715
269913,0.04132110998034477
238716,0.18276260793209076
251353,0.07493311166763306
211636,0.0806560143828392
271013,0.07165806740522385
240238,0.48992806673049927
289009,0.3407980501651764
205633,0.39189478754997253
251480,0.3232589662075043
200256,0.18030236661434174
205234,0.19030897319316864
250435,0.043513987213373184
218038,0.15232610702514648
265505,0.36402201652526855
202515,0.10734310001134872
291950,0.22674646973609924
272953,0.10734310001134872
213952,0.030199356377124786
234625,0.08085289597511292
264246,0.03811352327466011
224010,0.06090780347585678
231182,0.06815704703330994
277682,0.06669355183839798
261643,0.17060895264148712
224790,0.09308438003063202
265751,0.035529542714357376
226591,0.10734310001134872
264531,0.1692841500043869
251985,0.03380833938717842
281780,0.09738738089799881
294315,0.031249981373548508
278032,0.04724383354187012
263289,0.05188542604446411
258993,0.10734310001134872
243585,0.0850284993648529
259176,0.07082176953554153
218632,0.12258002907037735
229148,0.10734310001134872
273321,0.20746192336082458
259308,0.15734244883060455
278594,0.10734310001134872
286230,0.16944527626037598
265157,0.2936318814754486
251179,0.12046757340431213
222361,0.09629309177398682
258912,0.15688177943229675
278919,0.14789894223213196
208683,0.1526920050382614
267505,0.13450700044631958
252929,0.06522363424301147
292354,0.10734310001134872
233605,0.06607737392187119
295178,0.03780416399240494
266768,0.05403658375144005
283082,0.19050410389900208
290025,0.06997258961200714
294997,0.08266624063253403
277796,0.05965617299079895
264596,0.024416303262114525
277066,0.047515030950307846
233689,0.10734310001134872
283259,0.07360724359750748
289001,0.042071383446455
248903,0.3328016400337219
232128,0.04974278435111046
258799,0.11067245155572891
244642,0.10734310001134872
206496,0.03890037164092064
274906,0.066807821393013
203436,0.0321083664894104
226799,0.8614880442619324
256839,0.02975793369114399
210992,0.030462104827165604
213274,0.027637183666229248
220883,0.06513486057519913
226785,0.07113051414489746
203232,0.02629012241959572
232393,0.01784156821668148
237736,0.025647437199950218
265922,0.03576941043138504
274296,0.043054018169641495
232116,0.19013933837413788
225960,0.20740647614002228
212561,0.0747634693980217
266577,0.0446055606007576
234115,0.31403204798698425
293586,0.08445209264755249
221468,0.09480515122413635
255705,0.13387027382850647
262620,0.15952590107917786
226453,0.20882050693035126
213317,0.0690482035279274
276497,0.14890924096107483
230164,0.10734310001134872
239465,0.09959860146045685
247095,0.09785786271095276
262220,0.12282615154981613
271846,0.04136279970407486
273269,0.028733355924487114
267664,0.01852564513683319
247153,0.026450764387845993
297962,0.07002880424261093
268412,0.10791225731372833
285356,0.07341466099023819
232622,0.1381641924381256
254127,0.07691017538309097
273409,0.1398414820432663
218733,0.12223310023546219
208789,0.1329505443572998
207017,0.10734310001134872
239526,0.10734310001134872
272716,0.11776971817016602
228667,0.029328951612114906
254325,0.038521572947502136
286056,0.18428699672222137
255488,0.1542547345161438
212434,0.02833706885576248
276704,0.04017387330532074
281548,0.061024997383356094
278931,0.11256758868694305
277533,0.10734310001134872
228709,0.060648027807474136
250449,0.03379664942622185
241935,0.0470193512737751
266300,0.062103480100631714
294091,0.018872041255235672
262495,0.10734310001134872
225687,0.05310213565826416
288749,0.10782349854707718
257871,0.2440311759710312
201521,0.05900191888213158
237929,0.039927590638399124
245745,0.10734310001134872
274037,0.05592063441872597
203970,0.033589404076337814
265042,0.07455207407474518
218882,0.11186578124761581
245974,0.10734310001134872
206855,0.12205318361520767
280923,0.0532936155796051
277960,0.041761741042137146
253146,0.16240964829921722
215452,0.06836237758398056
260776,0.07108580321073532
298306,0.029761197045445442
221631,0.0796419084072113
239029,0.10734310001134872
205084,0.0288399551063776
239753,0.17341814935207367
253786,0.07849449664354324
206636,0.015093978494405746
296135,0.13446126878261566
268002,0.11574385315179825
295359,0.12581376731395721
208697,0.10406529903411865
268957,0.44478490948677063
268940,0.04285842552781105
250777,0.028010200709104538
297645,0.10734310001134872
287731,0.10734310001134872
207944,0.30530238151550293
250402,0.6936715245246887
266556,0.054779086261987686
248076,0.040281519293785095
243205,0.10734310001134872
294116,0.04250947758555412
212855,0.04747112840414047
227321,0.04987023025751114
211393,0.057568617165088654
226101,0.1649991273880005
227120,0.0356159433722496
230768,0.021646101027727127
280878,0.10734310001134872
243476,0.09575530141592026
259800,0.09941141307353973
205463,0.13445162773132324
224934,0.049079131335020065
203362,0.1250874549150467
240507,0.8303597569465637
228484,0.16254188120365143
238021,0.06783279031515121
217117,0.10734310001134872
296302,0.09346778690814972
289682,0.033322613686323166
255149,0.07506383210420609
217294,0.12996426224708557
208249,0.12272713333368301
295276,0.07771288603544235
221088,0.09875323623418808
246914,0.2057742178440094
234734,0.5699160695075989
277268,0.04848916083574295
269016,0.10734310001134872
289572,0.031102515757083893
297875,0.0418635793030262
255521,0.03058825060725212
287477,0.1368132084608078
251632,0.1911938190460205
204073,0.04453439265489578
288066,0.024026619270443916
221542,0.1938953399658203
267129,0.41587507724761963
242187,0.10734310001134872
295310,0.07906445115804672
259111,0.057756561785936356
220058,0.1014895811676979
265038,0.0821831151843071
286281,0.0875064954161644
277249,0.08737745881080627
298181,0.09349735826253891
258739,0.10734310001134872
278887,0.10734310001134872
250479,0.10734310001134872
229929,0.0669267326593399
204718,0.11592452228069305
231386,0.11818280071020126
203315,0.07175981998443604
265327,0.15240399539470673
284670,0.13269950449466705
228225,0.3311847746372223
269151,0.045193418860435486
230436,0.13986894488334656
278776,0.018206967040896416
298171,0.10251950472593307
235853,0.06670089811086655
259809,0.04368823021650314
286661,0.07702189683914185
226321,0.0638396292924881
222196,0.10734310001134872
232548,0.054332271218299866
288551,0.10374856740236282
297319,0.11756248027086258
214368,0.32599353790283203
220286,0.059328723698854446
244343,0.06573289632797241
237122,0.05346440523862839
225571,0.16899985074996948
216063,0.05613211914896965
296994,0.42558568716049194
212060,0.10672727227210999
276468,0.1965886354446411
267537,0.18448753654956818
270860,0.10734310001134872
263500,0.02277921326458454
254775,0.06061467528343201
226823,0.08401404321193695
239517,0.10734310001134872
280264,0.2067466825246811
229689,0.027946768328547478
277919,0.14747710525989532
248978,0.19942565262317657
278677,0.10734310001134872
214959,0.8446434736251831
221941,0.04976063221693039
294019,0.2330869436264038
218705,0.13593034446239471
239953,0.1606076955795288
221590,0.07123944163322449
267279,0.09102819114923477
279391,0.053124815225601196
249844,0.07722587138414383
203906,0.03067755326628685
257122,0.13830208778381348
222983,0.05590877681970596
235194,0.03314442187547684
224706,0.0593801811337471
231435,0.07382851094007492
245439,0.05740975961089134
285241,0.06904225051403046
284403,0.017361795529723167
234278,0.07454419881105423
232605,0.12048635631799698
207653,0.0807705968618393
212587,0.21927940845489502
206913,0.5620994567871094
290588,0.027078773826360703
234667,0.74490886926651
289870,0.1380145102739334
208809,0.1320759356021881
234508,0.04909493774175644
228657,0.04709240794181824
287921,0.14344480633735657
288076,0.048942942172288895
209137,0.09636127203702927
259904,0.13564743101596832
243258,0.03464226424694061
290910,0.02927546389400959
223038,0.10734310001134872
262985,0.252090185880661
281094,0.7782662510871887
200098,0.1349264234304428
239447,0.06692051887512207
243757,0.06418690085411072
237131,0.07044697552919388
264117,0.03034067526459694
223607,0.10734310001134872
208620,0.36009955406188965
252368,0.032367490231990814
269767,0.08573827892541885
254874,0.021422622725367546
209192,0.020603084936738014
256564,0.4137021601200104
227201,0.09761600941419601
256588,0.07527604699134827
240958,0.10734310001134872
294897,0.10734310001134872
275301,0.04366419464349747
213124,0.10017166286706924
290758,0.10734310001134872
254152,0.04872347414493561
265312,0.41934412717819214
282563,0.7540873289108276
260039,0.04591072350740433
257252,0.22604049742221832
257829,0.18561162054538727
274545,0.5206440091133118
225022,0.028536668047308922
243405,0.03857962042093277
254287,0.052265170961618423
285120,0.10734310001134872
249515,0.06183459237217903
291529,0.16068223118782043
252704,0.24068233370780945
206746,0.026415670290589333
214580,0.15676233172416687
233389,0.04865867644548416
261654,0.05655127763748169
266097,0.06928000599145889
231990,0.10355018079280853
208263,0.046189453452825546
274339,0.04190237447619438
248041,0.10734310001134872
223132,0.06935741752386093
264253,0.16027188301086426
291817,0.0482754148542881
264026,0.10734310001134872
293080,0.012424089014530182
216728,0.05829143896698952
282842,0.10734310001134872
248784,0.04670228064060211
232254,0.10734310001134872
241371,0.13672597706317902
247502,0.014214679598808289
230431,0.036229826509952545
247303,0.10734310001134872
277243,0.21239131689071655
265574,0.10734310001134872
274099,0.07998494803905487
271790,0.03008553758263588
240010,0.2480664998292923
267401,0.05440792813897133
284268,0.02663816511631012
236888,0.10734310001134872
238186,0.10143354535102844
274356,0.028518281877040863
274586,0.08557101339101791
229221,0.06469269096851349
294025,0.023507576435804367
245916,0.01791232079267502
201180,0.14575430750846863
266364,0.138190358877182
235059,0.12987403571605682
224328,0.05086979269981384
248900,0.060610558837652206
256633,0.2658855617046356
220971,0.04183412343263626
260471,0.0353437140583992
285614,0.08022725582122803
278886,0.099640853703022
271058,0.162045419216156
208208,0.10734310001134872
235913,0.027833137661218643
243904,0.06557421386241913
241046,0.16099533438682556
268150,0.10734310001134872
248208,0.7162735462188721
279213,0.032589253038167953
224645,0.03726339712738991
211292,0.3323827385902405
243240,0.10734310001134872
206978,0.07683654874563217
204020,0.06446676701307297
265635,0.40314388275146484
295502,0.05305828899145126
211266,0.02648170292377472
256562,0.20300187170505524
291940,0.0502912737429142
255916,0.1364545077085495
211905,0.0387970395386219
247033,0.14070482552051544
250636,0.09110679477453232
253139,0.024819351732730865
283338,0.08974309265613556
284857,0.030428320169448853
247488,0.1663387268781662
215845,0.3250540792942047
294198,0.03852715343236923
259378,0.13929973542690277
221806,0.059544164687395096
218472,0.3372749090194702
220707,0.048244837671518326
271035,0.25004222989082336
296623,0.0782044380903244
226241,0.06474807858467102
248275,0.0693877562880516
276039,0.05658029764890671
271198,0.024118466302752495
295375,0.06191754341125488
288764,0.05614023655653
293088,0.022128654643893242
226037,0.10734310001134872
286465,0.09350767731666565
279184,0.10734310001134872
245693,0.06332986056804657
214902,0.34236055612564087
271564,0.08923676609992981
284851,0.056817833334207535
236802,0.14231283962726593
269556,0.026653414592146873
290094,0.05684392899274826
248631,0.1297605037689209
228827,0.20569324493408203
257196,0.03714659810066223
231519,0.07944822311401367
239832,0.06811290234327316
286107,0.15539641678333282
217477,0.03090527281165123
273980,0.07021984457969666
229117,0.2446802407503128
281465,0.05035681650042534
262940,0.057894282042980194
294176,0.03528876230120659
246867,0.04362856224179268
212407,0.06490080058574677
239120,0.09939032793045044
210391,0.17387056350708008
275864,0.17852479219436646
230012,0.12236800044775009
287343,0.10734310001134872
230870,0.06720512360334396
248107,0.01546627376228571
270727,0.09405596554279327
248231,0.02754758857190609
206064,0.25623831152915955
217022,0.344730406999588
230644,0.04331953451037407
214709,0.03112570196390152
252338,0.07632534950971603
208287,0.1673910915851593
283650,0.07193039357662201
254881,0.028052587062120438
228108,0.05353955551981926
288693,0.21035458147525787
240393,0.07642330229282379
252758,0.03196413069963455
228874,0.1493028700351715
249962,0.08660969883203506
234575,0.09789211302995682
263991,0.05478088930249214
255828,0.24645519256591797
209080,0.41611284017562866
243410,0.2118317186832428
224844,0.10734310001134872
261370,0.039685674011707306
278367,0.10333748906850815
214401,0.03579287976026535
223436,0.15520773828029633
249613,0.10734310001134872
289056,0.08796124905347824
274893,0.2554110884666443
233020,0.0928640142083168
269976,0.20984910428524017
209548,0.10734310001134872
280975,0.04220954701304436
244278,0.17284898459911346
227862,0.049769144505262375
285303,0.08622367680072784
251239,0.09080579876899719
201850,0.12692810595035553
224029,0.04723909869790077
253403,0.08426041156053543
207484,0.06432698667049408
200759,0.04237687587738037
296829,0.1422480046749115
297116,0.027962980791926384
207317,0.027155233547091484
254743,0.23573561012744904
293610,0.03324976935982704
211945,0.05960238724946976
202967,0.1972198486328125
288843,0.07773037999868393
267830,0.1737188994884491
271667,0.03312252089381218
201696,0.024862485006451607
285279,0.04732165485620499
223308,0.069542296230793
237304,0.3306627869606018
223820,0.05202977731823921
260723,0.2048730105161667
205873,0.06363827735185623
226190,0.09143829345703125
287526,0.17143858969211578
225369,0.18855071067810059
297911,0.02496371418237686
286499,0.16481533646583557
257648,0.06188463792204857
221712,0.04663144797086716
264070,0.15441180765628815
236101,0.04306845739483833
288065,0.10336693376302719
241667,0.07974711060523987
211385,0.08697658777236938
204178,0.051947642117738724
285233,0.07773342728614807
229766,0.10611597448587418
249945,0.16308678686618805
242867,0.1311781257390976
270006,0.05989126116037369
246871,0.03910483419895172
270478,0.0368148572742939
249154,0.10734310001134872
262841,0.10041134059429169
226025,0.18125581741333008
241993,0.060181889683008194
253356,0.4925260543823242
219858,0.0249574463814497
272595,0.10734310001134872
233091,0.02640162594616413
261533,0.42105939984321594
283506,0.03138909861445427
252783,0.14522673189640045
257390,0.21532192826271057
208107,0.041299015283584595
256101,0.5472467541694641
295641,0.09902024269104004
224324,0.027754420414566994
230027,0.10734310001134872
259341,0.08615678548812866
205760,0.0610487200319767
219679,0.03334423154592514
297224,0.10158318281173706
279587,0.05198211595416069
230083,0.19596876204013824
241363,0.04513074457645416
296168,0.20102518796920776
267044,0.1874183863401413
248046,0.06147843971848488
258709,0.0597139336168766
243541,0.21473637223243713
277197,0.19632336497306824
202422,0.05094045028090477
210604,0.0794626995921135
202714,0.04657148942351341
287616,0.24456128478050232
289980,0.15760758519172668
221474,0.16056379675865173
231452,0.0437295101583004
234650,0.11331263929605484
226574,0.01755843311548233
222539,0.07228230684995651
263369,0.037127528339624405
215553,0.10734310001134872
222224,0.10160110890865326
291404,0.04843240976333618
276459,0.03528377041220665
225781,0.07827090471982956
219644,0.05872637778520584
245561,0.05450986325740814
282808,0.10073963552713394
207622,0.01437732856720686
221075,0.046360403299331665
208106,0.2473595291376114
249007,0.06170659139752388
215347,0.045496050268411636
273411,0.055359866470098495
274240,0.12954391539096832
226287,0.09740549325942993
233974,0.036195795983076096
272998,0.02512243203818798
255595,0.0754973515868187
274565,0.07761650532484055
252827,0.1391281634569168
270811,0.07145681232213974
214190,0.029084252193570137
267452,0.39424389600753784
290227,0.08304711431264877
230106,0.1581246554851532
266607,0.3115480840206146
259379,0.12146080285310745
212264,0.05220506340265274
281332,0.10734310001134872
238477,0.32583266496658325
254537,0.03830476477742195
290601,0.0745360404253006
241165,0.02499544620513916
286713,0.10734310001134872
290348,0.048868972808122635
230630,0.22912195324897766
218931,0.023935457691550255
257519,0.05382714048027992
245637,0.08149956911802292
210097,0.05109371989965439
227227,0.10734310001134872
253466,0.3236995041370392
209778,0.02691727504134178
246598,0.08883746713399887
266170,0.058658748865127563
279556,0.10734310001134872
266456,0.20951615273952484
297664,0.10734310001134872
224343,0.03618904948234558
283833,0.05913082882761955
244203,0.055844806134700775
248825,0.10734310001134872
207794,0.21119584143161774
200621,0.05896046757698059
265257,0.11527682840824127
282423,0.08136316388845444
293724,0.06722873449325562
221985,0.66764897108078
205307,0.05941065028309822
258568,0.06990956515073776
221032,0.10734310001134872
275935,0.1466687023639679
235048,0.07428044080734253
204961,0.18513981997966766
204820,0.09931397438049316
268745,0.19940753281116486
298051,0.20635676383972168
233517,0.03861921653151512
254375,0.014689818024635315
239396,0.2070539891719818
216100,0.22967369854450226
283091,0.03344418480992317
269435,0.5090339183807373
241251,0.09708650410175323
257684,0.09311791509389877
226662,0.21240481734275818
298282,0.023153871297836304
276298,0.15893137454986572
259958,0.04520086199045181
213607,0.022700384259223938
266126,0.10734310001134872
243969,0.13734161853790283
217444,0.021407153457403183
280551,0.1261708289384842
229536,0.026186056435108185
240737,0.26826027035713196
276399,0.05531790480017662
244179,0.016345692798495293
253324,0.1977798491716385
220698,0.10100241005420685
215153,0.39777326583862305
214825,0.10734310001134872
250364,0.22201915085315704
264566,0.035794805735349655
282950,0.1464548110961914
238215,0.1279667168855667
240668,0.0582817941904068
210731,0.5294325351715088
274255,0.03445146977901459
237645,0.09083636105060577
278270,0.7935543656349182
210775,0.08595752716064453
297683,0.07670560479164124
251282,0.18292798101902008
254200,0.8570928573608398
213975,0.18154935538768768
261335,0.04347485676407814
214421,0.03547302633523941
201039,0.591066300868988
266453,0.026528770104050636
277134,0.19220717251300812
232396,0.04162129759788513
235351,0.3433704078197479
251690,0.126910001039505
238849,0.05590879172086716
295994,0.06762254983186722
241525,0.7958095669746399
296880,0.14904029667377472
290431,0.1281338930130005
245945,0.10734310001134872
210435,0.1265769600868225
242799,0.26257357001304626
220703,0.028495190665125847
226370,0.041334863752126694
226646,0.052491042762994766
233277,0.01886792853474617
250883,0.019480211660265923
239732,0.10734310001134872
211808,0.061530951410532
252186,0.10687685757875443
299246,0.03771113231778145
283757,0.12621058523654938
294847,0.12955202162265778
269705,0.033287886530160904
232642,0.11305654048919678
254125,0.393459290266037
206493,0.06889236718416214
212232,0.07588506489992142
286149,0.056816466152668
282342,0.09675966948270798
222292,0.03431667387485504
249908,0.0965508446097374
289279,0.02607223391532898
264894,0.06168881058692932
234842,0.09808067232370377
267897,0.0842566192150116
276205,0.03627944365143776
269740,0.14810314774513245
257416,0.11162956804037094
235266,0.07005809247493744
245990,0.0753709226846695
262230,0.017387578263878822
248889,0.08224435150623322
288439,0.13691335916519165
266611,0.05661400780081749
218084,0.21480692923069
233646,0.06880728155374527
254642,0.10303772985935211
267239,0.02032444439828396
252652,0.16689211130142212
275620,0.1003614068031311
271115,0.05909496173262596
236522,0.5492302179336548
241627,0.06798085570335388
213252,0.15374141931533813
206301,0.49886074662208557
269774,0.09160113334655762
231815,0.0928930938243866
265768,0.08707825094461441
247996,0.07270193845033646
290209,0.18626101315021515
274530,0.08042961359024048
216511,0.15520599484443665
259169,0.6671953201293945
298713,0.28623339533805847
267683,0.05488229915499687
231628,0.35355105996131897
212545,0.05868332460522652
248451,0.10734310001134872
214468,0.1012084037065506
233329,0.2566951811313629
245596,0.08952946215867996
286668,0.13883481919765472
220872,0.10734310001134872
269488,0.0714130774140358
281717,0.041876114904880524
222098,0.10734310001134872
201056,0.02984677068889141
268389,0.018246563151478767
227959,0.05106116458773613
224372,0.16250795125961304
223845,0.08364802598953247
266856,0.10734310001134872
279717,0.06409353017807007
245816,0.25112101435661316
206183,0.1760387420654297
254426,0.12352169305086136
214184,0.07013819366693497
283700,0.10734310001134872
286122,0.10734310001134872
293978,0.02081107720732689
200908,0.09316734224557877
280110,0.029543275013566017
298194,0.193802148103714
299392,0.013931047171354294
261766,0.09012240916490555
238599,0.13561303913593292
250485,0.10734310001134872
291578,0.07264413684606552
242935,0.06148834526538849
250117,0.09082536399364471
205440,0.10895062983036041
257101,0.044437140226364136
255061,0.07648159563541412
276070,0.07068543136119843
291521,0.029004370793700218
263962,0.18536794185638428
202885,0.1792120635509491
258349,0.08976294100284576
227788,0.03882788494229317
206211,0.03426270931959152
241520,0.08211047202348709
249767,0.06838450580835342
228471,0.3219508230686188
249676,0.06514020264148712
270843,0.14658699929714203
267150,0.10734310001134872
213044,0.047707054764032364
256892,0.10734310001134872
286773,0.10734310001134872
289725,0.21994860470294952
205301,0.10734310001134872
239066,0.15777996182441711
232750,0.24837765097618103
267726,0.04334165155887604
224897,0.03497591242194176
283478,0.03659201040863991
256538,0.14212089776992798
295117,0.5566944479942322
229271,0.05288468673825264
249051,0.0613473579287529
285500,0.04220114275813103
275598,0.050239887088537216
286419,0.024831634014844894
233473,0.04452328756451607
284474,0.11372944712638855
285993,0.1454710066318512
226424,0.06276101619005203
201143,0.3587993085384369
283578,0.16813965141773224
213030,0.12562283873558044
239692,0.04931865260004997
247568,0.07465476542711258
266526,0.34947603940963745
280686,0.0509466752409935
281706,0.10734310001134872
299222,0.05080246925354004
218620,0.2778296172618866
243479,0.08698917180299759
274503,0.09214990586042404
244125,0.42418572306632996
297966,0.024424578994512558
224076,0.12399899959564209
298135,0.05108724534511566
254473,0.026921233162283897
200784,0.25135767459869385
280033,0.4794004261493683
271194,0.1369028240442276
253961,0.22635988891124725
274658,0.10696768015623093
251527,0.03291715309023857
263882,0.10734310001134872
253448,0.05959853157401085
244344,0.04024440050125122
286525,0.10734310001134872
298594,0.15115593373775482
273014,0.05883152782917023
249939,0.0591636560857296
282507,0.07205906510353088
287372,0.06976524740457535
294577,0.06701754778623581
280128,0.07119856774806976
211151,0.09029605239629745
285471,0.07168877869844437
227436,0.04845248907804489
291834,0.3890365660190582
227733,0.02798461727797985
277327,0.18992117047309875
293449,0.039464402943849564
251834,0.14239515364170074
264617,0.029176240786910057
222882,0.0338483490049839
299184,0.03600852191448212
289102,0.1699696034193039
280249,0.09149656444787979
206021,0.0629999116063118
209951,0.10734310001134872
222883,0.2944524884223938
297981,0.20507828891277313
286895,0.05911378189921379
217573,0.012188953347504139
234439,0.10434846580028534
250067,0.08839347958564758
220941,0.026287326589226723
286811,0.2164703607559204
220023,0.07536380738019943
248430,0.04172858968377113
256497,0.14660003781318665
290179,0.07613043487071991
250557,0.026945779100060463
286039,0.10463213920593262
289622,0.035245899111032486
200049,0.10734310001134872
218622,0.07118283957242966
203460,0.08710486441850662
290403,0.022115690633654594
247528,0.10734310001134872
267840,0.10734310001134872
276490,0.11988174915313721
212477,0.4089384377002716
297421,0.179232656955719
298383,0.05389346554875374
227988,0.1902177482843399
240218,0.056729163974523544
262165,0.1071317195892334
212504,0.024413887411355972
214778,0.043420419096946716
263721,0.10734310001134872
261383,0.5822998881340027
271977,0.08701162785291672
240625,0.10734310001134872
264011,0.0644804909825325
230656,0.05833366885781288
278199,0.10070962458848953
228708,0.06588172167539597
213937,0.15831252932548523
275692,0.035156551748514175
290085,0.29830431938171387
257091,0.05202686786651611
222703,0.07768167555332184
215768,0.22661854326725006
211727,0.19311422109603882
236664,0.09223220497369766
236495,0.1659242957830429
289582,0.061648644506931305
209638,0.02607002481818199
217603,0.04475362226366997
274202,0.07231580466032028
214139,0.06357473134994507
244572,0.23008781671524048
231972,0.11570350080728531
201082,0.08116671442985535
271311,0.09668704867362976
258706,0.07891344279050827
242572,0.10668709129095078
280624,0.021800167858600616
297610,0.2551545798778534
291560,0.035019420087337494
281161,0.01489862147718668
279438,0.10622330754995346
299901,0.10734310001134872
250757,0.023356536403298378
240750,0.08598754554986954
224648,0.48032498359680176
270028,0.2964473068714142
202713,0.138380229473114
215353,0.12324528396129608
292635,0.0692715123295784
202074,0.039710648357868195
228872,0.10734310001134872
241569,0.10678065568208694
226374,0.07882340997457504
287443,0.04734531044960022
234829,0.1574857234954834
271221,0.1290784776210785
210529,0.01811094582080841
254479,0.08529716730117798
214490,0.027999037876725197
248097,0.13491156697273254
229674,0.03729214519262314
222355,0.09066399186849594
255794,0.24232041835784912
219326,0.6855031847953796
256919,0.07377567142248154
231714,0.6219654083251953
207820,0.046090301126241684
239115,0.02918899804353714
213752,0.028391335159540176
272454,0.014822962693870068
219687,0.21586991846561432
236365,0.06801614165306091
275497,0.14232951402664185
241556,0.00937054306268692
299046,0.1396709382534027
224323,0.19269917905330658
246285,0.08370260149240494
299097,0.0805678591132164
273364,0.025089530274271965
237242,0.10734310001134872
255994,0.14169776439666748
286161,0.14835858345031738
287938,0.10734310001134872
201586,0.07328829169273376
208222,0.17541639506816864
261568,0.15624767541885376
242912,0.12394000589847565
262902,0.18493235111236572
238385,0.030335336923599243
259710,0.026301458477973938
269128,0.3339751064777374
243043,0.01822824403643608
275481,0.04347458854317665
240351,0.406454861164093
221579,0.14963267743587494
244384,0.07529816031455994
203868,0.04950352758169174
286208,0.06008283421397209
284081,0.14116954803466797
204586,0.053069960325956345
279178,0.09763578325510025
225356,0.03975202515721321
244330,0.07073041796684265
255874,0.3016170263290405
281675,0.05296442657709122
258699,0.17679382860660553
299645,0.12549087405204773
204898,0.0358569510281086
233317,0.04357827827334404
222941,0.10734310001134872
279396,0.1369309276342392
250107,0.1319703757762909
296180,0.05082041025161743
261722,0.05974056199193001
226194,0.08201532065868378
212639,0.21754831075668335
206461,0.1815967857837677
225707,0.19022256135940552
293026,0.06952796876430511
247903,0.16078588366508484
279270,0.21046914160251617
267073,0.10734310001134872
275159,0.10259687155485153
217028,0.05315658077597618
287962,0.09105198830366135
227879,0.12265915423631668
244727,0.0345492921769619
278017,0.09885350614786148
232654,0.07469618320465088
262364,0.07150815427303314
287841,0.0687168762087822
281641,0.13336941599845886
291054,0.052260395139455795
232180,0.10419759154319763
284102,0.08688633143901825
206076,0.06257255375385284
202485,0.07471912354230881
225430,0.10734310001134872
258228,0.11681502312421799
227962,0.06451521813869476
280728,0.017359787598252296
235905,0.12542572617530823
297023,0.14578917622566223
218590,0.06944083422422409
244365,0.12947407364845276
204580,0.050100937485694885
246671,0.25504249334335327
284548,0.15280196070671082
279157,0.22652016580104828
225450,0.061229806393384933
269279,0.13682320713996887
239072,0.10734310001134872
228117,0.08485052734613419
241361,0.03769199922680855
278567,0.1410217136144638
210382,0.04228566959500313
297596,0.07291270792484283
219239,0.025024496018886566
252561,0.28283774852752686
286750,0.2936355471611023
211434,0.04629432037472725
295080,0.10734310001134872
229669,0.034620579332113266
228096,0.15138620138168335
279334,0.062935471534729
260296,0.14902570843696594
289497,0.025782551616430283
294890,0.1702512949705124
221525,0.18708449602127075
239886,0.02615734562277794
265935,0.04676241800189018
200104,0.032326649874448776
226280,0.051410604268312454
297991,0.06653083115816116
219222,0.07012158632278442
250703,0.06781300157308578
252085,0.1703752726316452
274121,0.0797058716416359
298329,0.1686856597661972
228950,0.252569317817688
297347,0.13560166954994202
249461,0.03284218907356262
275968,0.08099526911973953
235815,0.23069138824939728
297360,0.06042943894863129
266827,0.07758639007806778
272143,0.15702976286411285
282958,0.09513699263334274
208870,0.15466316044330597
262851,0.06258776038885117
295598,0.10697637498378754
256408,0.1630510836839676
241477,0.07364381104707718
247078,0.28520169854164124
277592,0.03153105080127716
262870,0.1076880469918251
230861,0.0932670384645462
245697,0.058262038975954056
263284,0.043259646743535995
275780,0.08008585125207901
278211,0.0375395230948925
287621,0.054428599774837494
233950,0.03807133063673973
217788,0.05274517089128494
223310,0.180153489112854
212913,0.027167806401848793
219067,0.10734310001134872
244702,0.025741133838891983
238979,0.0394885428249836
228444,0.06951123476028442
243609,0.05166810005903244
255184,0.2325250655412674
223483,0.06986067444086075
233446,0.14384084939956665
223137,0.10734310001134872
205082,0.10734310001134872
282017,0.06519345194101334
278239,0.1452663242816925
242755,0.020095117390155792
201437,0.25723308324813843
278725,0.10029779374599457
223073,0.3862931728363037
217386,0.10734310001134872
259674,0.09612307697534561
209612,0.026585912331938744
279284,0.018145760521292686
228387,0.039684396237134933
298187,0.0716308057308197
210545,0.05325474217534065
261894,0.0781906321644783
266204,0.08353637158870697
274783,0.07497318834066391
203169,0.10696297883987427
226466,0.1542242020368576
298212,0.07494331151247025
292343,0.1335131973028183
203355,0.07498620450496674
211081,0.07740364223718643
228168,0.18242572247982025
243834,0.018896281719207764
221630,0.09197406470775604
210843,0.10734310001134872
228997,0.08794595301151276
280773,0.10734310001134872
251192,0.14199720323085785
263295,0.029058903455734253
277059,0.06677647680044174
269881,0.10734310001134872
220473,0.08408679813146591
207052,0.23312222957611084
264304,0.14789722859859467
271628,0.05576290190219879
294539,0.8112238645553589
204162,0.10734310001134872
228751,0.14665108919143677
231687,0.09118391573429108
295485,0.14388425648212433
288704,0.06899460405111313
211148,0.0798325389623642
228753,0.06626196950674057
299818,0.028447933495044708
238668,0.10734310001134872
213412,0.08185889571905136
260797,0.23720143735408783
218101,0.10734310001134872
281438,0.03849932178854942
219284,0.07819398492574692
227198,0.03212464228272438
299764,0.042837560176849365
282663,0.10734310001134872
274012,0.06613057106733322
296494,0.6036785244941711
217733,0.18080736696720123
237457,0.05373981595039368
214554,0.07334519177675247
246894,0.0707201287150383
245985,0.044529542326927185
225969,0.24561426043510437
283205,0.052603695541620255
298599,0.06825107336044312
237053,0.10734310001134872
222434,0.01549453940242529
230374,0.33275604248046875
214241,0.041813187301158905
218774,0.08429787307977676
285994,0.05921901389956474
261015,0.0711817592382431
288080,0.0568041168153286
247082,0.14199388027191162
200626,0.0825761929154396
253555,0.10734310001134872
209473,0.15720312297344208
206128,0.23159106075763702
230091,0.1893455535173416
255347,0.06159529462456703
237487,0.0707373321056366
259232,0.023605041205883026
216719,0.07146747410297394
242733,0.05446666479110718
203353,0.06159496307373047
227267,0.041848521679639816
291754,0.03160777688026428
225624,0.024253271520137787
268865,0.1784953773021698
272720,0.06269573420286179
272940,0.07894232869148254
267577,0.04477474465966225
299741,0.037457067519426346
249981,0.11352568864822388
219023,0.037081390619277954
273346,0.06202925369143486
267051,0.053287312388420105
246126,0.05363791808485985
278448,0.10734310001134872
240808,0.030862173065543175
286695,0.06226786971092224
290720,0.04873446002602577
262386,0.10734310001134872
245111,0.014725998044013977
262438,0.043927017599344254
245420,0.12447338551282883
231263,0.8247148394584656
295714,0.09840616583824158
293730,0.3555433452129364
281906,0.105919748544693
294354,0.03853977099061012
211299,0.0322958342730999
243787,0.0934242233633995
234961,0.15810838341712952
227291,0.08268535882234573
211561,0.08477309346199036
294892,0.03881709650158882
234822,0.08059552311897278
281111,0.02105720341205597
274003,0.23206667602062225
270804,0.4693794846534729
215941,0.11064140498638153
253953,0.06395048648118973
254179,0.10734310001134872
231471,0.023024560883641243
256696,0.05892295017838478
279998,0.10237782448530197
275504,0.05791085958480835
201215,0.055904123932123184
229260,0.0522853285074234
232111,0.10628339648246765
248269,0.10734310001134872
265051,0.0716097429394722
270316,0.0369589738547802
256841,0.08764917403459549
273958,0.021059663966298103
268954,0.19545629620552063
275974,0.15355543792247772
224881,0.3873385190963745
241303,0.0803387314081192
236087,0.037050340324640274
234458,0.36903512477874756
232318,0.07938052713871002
241067,0.06797268986701965
243820,0.05080718547105789
287246,0.25281238555908203
264970,0.08518731594085693
263061,0.21664312481880188
227068,0.07077144086360931
297485,0.46787846088409424
201605,0.16796815395355225
293451,0.12303663045167923
207313,0.030508892610669136
225640,0.060323990881443024
249292,0.09154248237609863
292262,0.03809909522533417
248974,0.10734310001134872
256202,0.10734310001134872
274736,0.03661642223596573
236596,0.19510824978351593
237473,0.055271584540605545
229649,0.025232288986444473
292204,0.031129900366067886
230908,0.04832697659730911
291826,0.02133370004594326
212861,0.04523468762636185
258670,0.07009506970643997
200683,0.09624060988426208
276151,0.029371125623583794
249995,0.04904542863368988
206770,0.0487467497587204
258717,0.10734310001134872
259113,0.02477847971022129
210786,0.18248659372329712
248120,0.0670429989695549
216303,0.04625774919986725
271686,0.10734310001134872
259450,0.07837437838315964
206515,0.12419304251670837
242205,0.09712309390306473
274465,0.08095462620258331
238350,0.030411021783947945
248701,0.01578611694276333
286177,0.11871872842311859
237066,0.1513255089521408
219585,0.2162487953901291
200450,0.2775181829929352
226997,0.36612361669540405
221263,0.4700244665145874
266143,0.046753063797950745
252759,0.4917764365673065
234707,0.05991329625248909
273653,0.028074821457266808
206556,0.08015216886997223
291708,0.15096762776374817
243163,0.055676672607660294
289193,0.033133331686258316
226627,0.09542378038167953
252174,0.09115960448980331
236810,0.17784400284290314
203052,0.3230620324611664
234312,0.05307614058256149
209735,0.025025881826877594
222324,0.08567610383033752
216504,0.04197150096297264
293551,0.09783202409744263
247831,0.13636411726474762
261703,0.10734310001134872
294254,0.10734310001134872
241001,0.06634722650051117
280263,0.028504734858870506
216886,0.3123607933521271
249551,0.20790711045265198
234184,0.1085037887096405
267232,0.03546106815338135
267007,0.19674529135227203
290536,0.15917690098285675
246717,0.07036939263343811
233098,0.07489423453807831
283444,0.19101957976818085
230122,0.07450075447559357
271526,0.07402238249778748
254516,0.10734310001134872
206898,0.06664975732564926
224023,0.10413358360528946
246175,0.19754558801651
274799,0.09190408885478973
255909,0.09442397207021713
287010,0.23080036044120789
236789,0.0716993436217308
249802,0.09226424992084503
247391,0.08618637919425964
217530,0.14652658998966217
278299,0.03197665512561798
267828,0.05952190235257149
214209,0.021359872072935104
243633,0.07698065042495728
223599,0.03492658585309982
264873,0.0784582868218422
291196,0.08302587270736694
205899,0.08224238455295563
233792,0.15567097067832947
269551,0.14330735802650452
200359,0.06281881034374237
257976,0.034851815551519394
263143,0.10734310001134872
219093,0.07740539312362671
230103,0.08438887447118759
249222,0.07012198865413666
209745,0.10734310001134872
250266,0.05082830414175987
249052,0.08545081317424774
287250,0.10734310001134872
206177,0.10734310001134872
231672,0.0995812863111496
239181,0.028368044644594193
221016,0.03515451028943062
293763,0.18347755074501038
211857,0.09391827136278152
226559,0.035369910299777985
212481,0.06364727020263672
262918,0.06685030460357666
245082,0.07217559963464737
299292,0.23982970416545868
285433,0.04276767745614052
237992,0.06560108810663223
216331,0.0389094352722168
269560,0.06078129634261131
253384,0.07426595687866211
290250,0.10734310001134872
205218,0.34244516491889954
293174,0.028144795447587967
245379,0.07654532790184021
267287,0.025059981271624565
257206,0.04410075768828392
254276,0.136344313621521
244006,0.045278649777173996
299190,0.06435704231262207
279765,0.49515870213508606
212781,0.1843458116054535
296856,0.035029247403144836
223873,0.02834753319621086
214987,0.06279860436916351
202166,0.31150493025779724
294627,0.16136588156223297
259140,0.061547793447971344
272903,0.06374180316925049
217816,0.08286873996257782
277707,0.031292080879211426
292929,0.04630422964692116
231242,0.061644937843084335
249190,0.10734310001134872
287410,0.16493959724903107
218793,0.04974233731627464
212875,0.9025620818138123
294909,0.07646147906780243
243170,0.045261505991220474
217040,0.051912687718868256
271951,0.08275534957647324
236753,0.10874302685260773
271766,0.1778402030467987
246594,0.14452137053012848
209857,0.10006052255630493
202990,0.15434668958187103
272363,0.16655905544757843
261644,0.06208612769842148
215085,0.08074966073036194
294460,0.039919618517160416
263899,0.038209374994039536
241855,0.033150140196084976
246604,0.18067975342273712
277551,0.06065119802951813
280558,0.14637450873851776
258108,0.04600050300359726
220888,0.10734310001134872
293777,0.018507424741983414
207533,0.20446860790252686
200924,0.0759672299027443
262567,0.25456497073173523
280265,0.10734310001134872
224106,0.5871629118919373
247253,0.15585781633853912
253018,0.05020653083920479
248396,0.12655414640903473
265589,0.10734310001134872
253091,0.10734310001134872
200935,0.14044472575187683
255761,0.04664452001452446
252653,0.3739781677722931
287089,0.060574691742658615
254849,0.024558965116739273
267760,0.03331758454442024
200108,0.13910482823848724
280086,0.10734310001134872
256119,0.017468582838773727
238706,0.06452244520187378
246374,0.03238323703408241
210889,0.25670644640922546
283184,0.08866233378648758
207555,0.023674244061112404
292983,0.14724946022033691
258461,0.10734310001134872
293876,0.07963821291923523
267383,0.2906922399997711
283613,0.2946913242340088
220456,0.06294602155685425
274045,0.04067667946219444
239231,0.07427968084812164
218869,0.1799212545156479
214017,0.02687474898993969
234267,0.20433667302131653
274851,0.10734310001134872
285799,0.19280113279819489
247172,0.05448766052722931
272216,0.17835457623004913
277358,0.2025628238916397
253288,0.2260104864835739
235993,0.13489989936351776
227172,0.0585600882768631
286168,0.03628970682621002
223854,0.030805131420493126
272837,0.07330229133367538
258221,0.3926064372062683
227008,0.08542189747095108
260924,0.024870598688721657
236865,0.08734551817178726
230308,0.25234997272491455
210966,0.03786933794617653
248870,0.10734310001134872
247441,0.03733144327998161
221828,0.039246656000614166
258205,0.10604998469352722
218113,0.02229536697268486
264513,0.023802604526281357
216059,0.1372651904821396
292115,0.03218550980091095
230925,0.2027384489774704
231608,0.05108268931508064
288262,0.10734310001134872
249892,0.35221588611602783
213280,0.042015429586172104
291699,0.04606213793158531
286755,0.0542718842625618
280720,0.31034889817237854
262986,0.05360395461320877
217999,0.04425335302948952
217790,0.15680178999900818
218175,0.046169113367795944
226244,0.048458658158779144
223790,0.030711863189935684
234831,0.08005521446466446
212626,0.05310323089361191
276689,0.09066920727491379
272343,0.19734665751457214
241606,0.03259177878499031
280362,0.059059981256723404
225918,0.1895975023508072
289966,0.1520208716392517
257786,0.19673529267311096
279343,0.3310033977031708
293470,0.22849947214126587
255381,0.6472557187080383
210888,0.2248571366071701
223438,0.2217281013727188
263885,0.08470811694860458
293523,0.017146218568086624
278652,0.029234107583761215
296899,0.07850949466228485
216954,0.11703430861234665
240179,0.03229421749711037
261887,0.14563652873039246
286092,0.17588017880916595
201877,0.41250520944595337
212644,0.05120234936475754
208097,0.1954137086868286
266340,0.09231056272983551
238269,0.10734310001134872
200315,0.035390455275774
291009,0.04204048216342926
203540,0.02857484482228756
287298,0.26640310883522034
274576,0.025990387424826622
249504,0.03240826725959778
246865,0.02352973446249962
217410,0.10734310001134872
228839,0.05817028880119324
225615,0.17785000801086426
224515,0.22094380855560303
295808,0.20210272073745728
282359,0.10734310001134872
244211,0.04486912116408348
261859,0.03829474747180939
224615,0.053310099989175797
246737,0.057605206966400146
208907,0.15107649564743042
225382,0.03400684893131256
214016,0.03654797747731209
271890,0.023567989468574524
284641,0.051748126745224
224244,0.08728808164596558
277436,0.025227107107639313
282598,0.10734310001134872
214717,0.04096970707178116
275083,0.06450936198234558
274629,0.08460526913404465
222464,0.04077829420566559
203004,0.05586393177509308
273596,0.08007270842790604
263490,0.13132360577583313
216066,0.1864510327577591
257129,0.08882461488246918
273308,0.06439358741044998
200429,0.035424161702394485
297921,0.0390256829559803
290330,0.1340600997209549
225009,0.07543756067752838
288597,0.10734310001134872
299499,0.04323555529117584
224517,0.07645979523658752
224095,0.07770125567913055
285498,0.03343852981925011
268774,0.11758499592542648
236768,0.06862875074148178
205591,0.03432086482644081
267807,0.025970809161663055
264945,0.06978791207075119
254250,0.060046352446079254
203538,0.07973847538232803
299156,0.10734310001134872
264630,0.023092811927199364
226310,0.09267612546682358
223510,0.27194544672966003
226602,0.2744763493537903
294679,0.2945939898490906
282781,0.07006140798330307
263471,0.17198096215724945
259529,0.028384961187839508
241884,0.1422257423400879
279091,0.01563120074570179
287356,0.21051615476608276
201554,0.027246281504631042
245370,0.06016041710972786
299386,0.36256176233291626
235549,0.13703739643096924
287804,0.10734310001134872
293856,0.04767974093556404
232942,0.06391677260398865
282050,0.19546736776828766
282176,0.1660262495279312
223929,0.08367078751325607
273295,0.04408811032772064
220032,0.04955841228365898
234392,0.05550390109419823
217219,0.054276417940855026
296212,0.06232668459415436
232808,0.10734310001134872
273918,0.05448506399989128
266803,0.19180884957313538
230253,0.0472671240568161
241970,0.02415136806666851
231096,0.017095834016799927
222718,0.07424133270978928
221844,0.06609638035297394
209138,0.2551769018173218
239199,0.022194480523467064
221594,0.2389606237411499
298130,0.10734310001134872
244067,0.22635535895824432
277338,0.07881520688533783
224742,0.2849652171134949
246848,0.04882529377937317
213323,0.10734310001134872
277045,0.02331673912703991
271669,0.4922786056995392
253722,0.1706198900938034
273981,0.25475645065307617
230494,0.017644496634602547
248602,0.09102179855108261
285572,0.0994376689195633
261802,0.01695064827799797
248722,0.10734310001134872
212102,0.033889781683683395
256895,0.0964263454079628
288055,0.08992180973291397
268919,0.1010265126824379
279243,0.3996875584125519
211972,0.044852081686258316
212876,0.021632270887494087
262550,0.07131271064281464
259856,0.06065520644187927
209815,0.3060069978237152
225260,0.6637091636657715
281359,0.07491613179445267
254411,0.05956452712416649
275115,0.06099705398082733
257146,0.031515877693891525
288231,0.06976664066314697
220452,0.10223466157913208
253232,0.29771187901496887
249983,0.04773964360356331
255315,0.07685551792383194
288877,0.03958090394735336
212651,0.11953694373369217
248567,0.023616144433617592
229631,0.07483620941638947
233823,0.0311175175011158
279402,0.08834833651781082
269237,0.10734310001134872
214313,0.26849254965782166
203471,0.5062743425369263
286029,0.10734310001134872
207447,0.13434474170207977
230063,0.2854783236980438
245054,0.09826896339654922
247429,0.09780043363571167
274670,0.05185259133577347
277316,0.04427162930369377
275313,0.025191953405737877
244509,0.10734310001134872
207399,0.03400682285428047
250822,0.018612375482916832
277845,0.030163953080773354
290154,0.10215219110250473
231887,0.06080698221921921
277238,0.054007548838853836
218884,0.0979103073477745
253470,0.025965575128793716
273060,0.09042100608348846
296309,0.10734310001134872
206704,0.1010105237364769
298428,0.10734310001134872
279502,0.07255806028842926
296023,0.052813999354839325
288856,0.050090670585632324
205990,0.1298328936100006
244243,0.04056404158473015
283328,0.05982501059770584
290084,0.15292257070541382
288851,0.06447742134332657
219700,0.14713694155216217
257621,0.183135986328125
217529,0.05272163823246956
203164,0.27200865745544434
280792,0.08044987916946411
265724,0.02203228510916233
245353,0.1032521054148674
255213,0.019749291241168976
205771,0.13110455870628357
259344,0.10734310001134872
234437,0.07155222445726395
261191,0.22882568836212158
271877,0.15456999838352203
245854,0.0329446904361248
269679,0.02535122260451317
213373,0.08839962631464005
293969,0.24559374153614044
219987,0.10734310001134872
224067,0.06747622042894363
214503,0.07200288027524948
228465,0.09295877814292908
295972,0.047097302973270416
206831,0.1255299597978592
205074,0.09283995628356934
242951,0.1607261300086975
297406,0.10752678662538528
209661,0.15837110579013824
293118,0.037183865904808044
233438,0.22769616544246674
250048,0.1903662085533142
214252,0.05826094001531601
202015,0.06288246065378189
257361,0.6249887347221375
227113,0.05431414395570755
211648,0.06611740589141846
299457,0.09323325753211975
291960,0.07572958618402481
257174,0.28912046551704407
252778,0.07211502641439438
290526,0.6316934823989868
229913,0.057428356260061264
297760,0.13162608444690704
221971,0.10734310001134872
278047,0.060805775225162506
258536,0.08222576230764389
202724,0.04994642734527588
216334,0.10734310001134872
239031,0.1274651437997818
217823,0.0990692749619484
216855,0.5907732844352722
213966,0.04107632115483284
222451,0.01778302900493145
228179,0.07169078290462494
204660,0.04144557937979698
284088,0.2357405126094818
253687,0.3080207109451294
294706,0.10734310001134872
249258,0.12742312252521515
226846,0.07011351734399796
298296,0.09855585545301437
201209,0.02386840060353279
274597,0.04068221524357796
236676,0.16727173328399658
276931,0.09346523135900497
289137,0.10609915107488632
240823,0.20287398993968964
205896,0.08774806559085846
263368,0.03618386760354042
211421,0.01424822211265564
227944,0.12247417122125626
229142,0.02150249294936657
204253,0.0575898103415966
252974,0.14691056311130524
215151,0.03955475986003876
243812,0.4462592601776123
265433,0.09310592710971832
260481,0.03986165672540665
256079,0.1697438657283783
288199,0.03577863797545433
205994,0.16361267864704132
200169,0.04174087196588516
223866,0.04080289974808693
250889,0.13955983519554138
207339,0.046059004962444305
271807,0.17895613610744476
282793,0.10492014139890671
282286,0.08700750768184662
233740,0.05857807397842407
289393,0.03285219520330429
298012,0.04731864482164383
270099,0.04084332659840584
276795,0.2146548479795456
240776,0.08793265372514725
212693,0.11724313348531723
272149,0.14363133907318115
206744,0.06509819626808167
224748,0.0452914722263813
216137,0.06816210597753525
229893,0.14668764173984528
234769,0.13679032027721405
262844,0.05985555052757263
253523,0.044169727712869644
270148,0.22435729205608368
280093,0.0724964514374733
200231,0.4349448084831238
202774,0.24997326731681824
218229,0.10734310001134872
202735,0.48884624242782593
257350,0.044079799205064774
237403,0.37093859910964966
203541,0.08681610971689224
202097,0.08741133660078049
274164,0.10734310001134872
223117,0.08471397310495377
219995,0.07944269478321075
239603,0.08672785758972168
228941,0.5250063538551331
226459,0.1316458284854889
264775,0.0370822437107563
221523,0.10734310001134872
232458,0.042836688458919525
235849,0.10734310001134872
283396,0.06556208431720734
273218,0.03614715114235878
240052,0.10734310001134872
214653,0.14298388361930847
225352,0.1480690836906433
295560,0.3695586025714874
293393,0.08402565121650696
288698,0.051553480327129364
298063,0.03954983502626419
299144,0.03209662064909935
273649,0.04376935586333275
224101,0.16248033940792084
276516,0.04967719316482544
235073,0.5062013864517212
219104,0.3359864056110382
283878,0.05045768618583679
225678,0.10734310001134872
275512,0.08787097036838531
299469,0.03998536244034767
225092,0.06535477936267853
238802,0.0720786526799202
292762,0.13566191494464874
234554,0.10734310001134872
281653,0.03277270868420601
232126,0.031776320189237595
277631,0.08161706477403641
205369,0.458717942237854
284788,0.10734310001134872
234187,0.173200786113739
261778,0.1923155039548874
220093,0.07933368533849716
296719,0.10734310001134872
258913,0.10734310001134872
281181,0.3196672201156616
294011,0.06769008189439774
238111,0.17329388856887817
227053,0.051329150795936584
283635,0.037648990750312805
284814,0.10734310001134872
277635,0.10734310001134872
215698,0.10248775035142899
299782,0.05632816627621651
202305,0.08708041161298752
227999,0.1761408895254135
216672,0.10734310001134872
208982,0.058076780289411545
271389,0.03438422456383705
210562,0.18637467920780182
270730,0.23574092984199524
288412,0.06521356850862503
222116,0.15953809022903442
260863,0.07142478227615356
212991,0.10734310001134872
261002,0.04088057950139046
221807,0.055932290852069855
290504,0.13335438072681427
242782,0.10734310001134872
258796,0.05993911996483803
239708,0.24384024739265442
238679,0.02600223198533058
297672,0.515691339969635
252034,0.3420320451259613
291563,0.04521287605166435
217362,0.1537649929523468
261832,0.10734310001134872
219980,0.16426487267017365
272918,0.06682790815830231
268369,0.10734310001134872
231464,0.08571276813745499
226798,0.03857100382447243
294168,0.059845220297575
285299,0.10734310001134872
206894,0.0691232830286026
273134,0.15574771165847778
203079,0.266597181558609
202373,0.050160299986600876
239331,0.04975335672497749
269730,0.17139965295791626
242565,0.037276942282915115
203646,0.10734310001134872
244152,0.12603425979614258
238219,0.9104633331298828
200744,0.040832363069057465
234686,0.0677461326122284
209407,0.10625310242176056
297781,0.035290319472551346
218489,0.4522569477558136
225361,0.10685238242149353
253402,0.39609774947166443
226242,0.10734310001134872
238693,0.039220817387104034
298532,0.10734310001134872
278611,0.02854311466217041
298575,0.0995941087603569
226105,0.09743070602416992
262521,0.08210718631744385
273332,0.13700774312019348
298336,0.17945550382137299
230674,0.22204522788524628
265117,0.03518351912498474
259205,0.10734310001134872
290716,0.028579726815223694
215903,0.14195430278778076
283595,0.10734310001134872
289703,0.14076310396194458
204877,0.20960575342178345
207486,0.01916547678411007
260852,0.01711382530629635
280297,0.07694405317306519
228802,0.11492791771888733
244743,0.07769742608070374
242321,0.06169009208679199
275093,0.32270532846450806
245465,0.018023576587438583
275298,0.24221201241016388
254962,0.20378704369068146
277498,0.10902287811040878
219405,0.05629684031009674
235742,0.17947305738925934
279251,0.0590469054877758
257758,0.07840418815612793
271218,0.1183570995926857
241549,0.026002177968621254
285903,0.3038311004638672
296782,0.12197069823741913
299318,0.13209174573421478
209824,0.034209348261356354
241436,0.02834596484899521
212146,0.08419781178236008
264059,0.03870004415512085
216716,0.08501685410737991
243133,0.07176849991083145
206473,0.03842129930853844
215688,0.04203758388757706
276130,0.07933109998703003
266749,0.11373893171548843
225940,0.18950368463993073
213171,0.06551570445299149
213905,0.08303117007017136
237427,0.10734310001134872
227392,0.09250588715076447
239042,0.024741489440202713
232325,0.10734310001134872
296749,0.04266788065433502
220794,0.42113032937049866
228738,0.11258800327777863
240859,0.04457857459783554
240281,0.20829838514328003
290736,0.046685926616191864
264081,0.02387605793774128
218898,0.016218865290284157
283993,0.06471771001815796
212548,0.10734310001134872
217567,0.21742752194404602
282229,0.17728783190250397
296304,0.041658420115709305
200616,0.10241322964429855
231270,0.21429796516895294
272294,0.20503072440624237
237700,0.0875120535492897
280957,0.8017749786376953
260510,0.07788683474063873
215909,0.46877044439315796
234340,0.10734310001134872
225541,0.10734310001134872
214119,0.0420660562813282
280732,0.0881766825914383
287514,0.06842918694019318
297205,0.09274200350046158
299979,0.05618107691407204
269261,0.12171546369791031
263707,0.10734310001134872
245436,0.08133681863546371
222480,0.10734310001134872
206035,0.07773839682340622
285604,0.28061580657958984
256442,0.2571256160736084
248589,0.13469019532203674
231047,0.5161951780319214
243493,0.5281524658203125
203410,0.08924715965986252
261656,0.07880394905805588
215286,0.2702157199382782
234216,0.08180078119039536
251517,0.28455641865730286
241401,0.031621381640434265
259907,0.10734310001134872
207609,0.10734310001134872
289645,0.05379420518875122
203269,0.04431498423218727
299621,0.04514415189623833
256857,0.04746505245566368
225952,0.1384613811969757
272414,0.054188940674066544
296522,0.05153978615999222
291593,0.0402819961309433
273872,0.04463740810751915
259265,0.27106115221977234
218983,0.032390233129262924
288588,0.14072835445404053
200758,0.18480518460273743
233221,0.10734310001134872
221061,0.032255202531814575
289169,0.0658811703324318
290913,0.1231938898563385
205256,0.056394778192043304
235385,0.030358579009771347
218993,0.06503940373659134
245087,0.0598423108458519
251390,0.02836497500538826
288273,0.10734310001134872
255002,0.5211359858512878
257609,0.08401134610176086
278722,0.07861080765724182
248411,0.04865429922938347
224453,0.10734310001134872
271965,0.027782101184129715
264522,0.0678718313574791
231325,0.09747906774282455
206762,0.06092682108283043
228056,0.01619129069149494
258247,0.22786957025527954
233351,0.10070189088582993
288756,0.2289550006389618
257353,0.08472965657711029
236337,0.2742161452770233
256113,0.029640227556228638
259274,0.10680260509252548
227548,0.1960887759923935
278838,0.5304171442985535
235151,0.043915487825870514
244379,0.6381580233573914
279130,0.01722964458167553
267089,0.4025786221027374
275346,0.16730897128582
212924,0.05990198627114296
252960,0.1544305831193924
211068,0.18000537157058716
229495,0.06552765518426895
238163,0.04539653658866882
288235,0.10734310001134872
227204,0.2027493566274643
277890,0.02875378355383873
265955,0.29361405968666077
277419,0.02893725223839283
257918,0.04395041614770889
294555,0.041461583226919174
223689,0.0688827708363533
214980,0.22827273607254028
222102,0.056081436574459076
246031,0.08844243735074997
285847,0.10691467672586441
233102,0.1628156155347824
270471,0.09350021928548813
243144,0.1277056485414505
220263,0.10734310001134872
276592,0.22246107459068298
252649,0.12079223990440369
240541,0.05286561697721481
234197,0.042951550334692
223028,0.05170860514044762
293571,0.04470916464924812
281746,0.07107207179069519
285660,0.041765596717596054
266196,0.12566429376602173
221544,0.03949112817645073
285263,0.07213766872882843
276850,0.027061574161052704
225626,0.10734310001134872
209274,0.25825580954551697
232413,0.044884879142045975
233133,0.038593679666519165
272090,0.04556954652070999
220025,0.019338328391313553
270204,0.044734593480825424
225393,0.07303759455680847
209751,0.1201029121875763
268704,0.10264310240745544
268706,0.0626993477344513
205777,0.24388790130615234
264362,0.03115943819284439
254703,0.07753046602010727
274518,0.016379883512854576
211523,0.1313697248697281
232101,0.05921388044953346
255374,0.08474034070968628
222945,0.10734310001134872
263921,0.04669345170259476
283041,0.12221477925777435
298144,0.14944025874137878
242440,0.20702502131462097
297457,0.13543762266635895
277625,0.10734310001134872
214314,0.02842267043888569
286666,0.021071244031190872
296978,0.06866289675235748
235561,0.045243166387081146
226311,0.36638855934143066
250384,0.1106845811009407
221935,0.1199735626578331
289133,0.07022140920162201
226147,0.10734310001134872
233855,0.07075212895870209
224242,0.09254620224237442
224374,0.025661662220954895
291522,0.051770929247140884
259658,0.03611299395561218
223077,0.06314041465520859
238025,0.08837707340717316
263557,0.03161294385790825
215459,0.10292105376720428
286610,0.03261564299464226
212598,0.04731804504990578
207959,0.04187566414475441
271768,0.249477818608284
276859,0.045150596648454666
298959,0.09504875540733337
250737,0.0847010686993599
293175,0.1114414855837822
267917,0.15906769037246704
255074,0.15952636301517487
225851,0.025900578126311302
221514,0.23429524898529053
288062,0.09768235683441162
201753,0.0441460907459259
290395,0.10734310001134872
209091,0.05281618982553482
295430,0.1455226093530655
292788,0.033546190708875656
215898,0.09891168773174286
257991,0.026943327859044075
222576,0.14603294432163239
205044,0.10734310001134872
284680,0.15970228612422943
259180,0.034760959446430206
290087,0.06401935964822769
270767,0.024260742589831352
279212,0.04927965626120567
261497,0.09544064849615097
290713,0.19196093082427979
251063,0.14143478870391846
276534,0.020342469215393066
205605,0.15220826864242554
276979,0.10734310001134872
255822,0.5052195191383362
246177,0.20831093192100525
205104,0.02727542445063591
206316,0.03998284414410591
228835,0.10033357888460159
259347,0.02078874595463276
262848,0.037703972309827805
229860,0.06763342022895813
286590,0.11970033496618271
208156,0.10734310001134872
266086,0.0923004150390625
288187,0.08507270365953445
229065,0.06434319168329239
284608,0.07752522826194763
249384,0.05152055621147156
207525,0.019068462774157524
273917,0.06039177626371384
247955,0.08977336436510086
292522,0.04709470272064209
239660,0.3625120222568512
249315,0.10734310001134872
237784,0.023178407922387123
225013,0.17507430911064148
238824,0.6061321496963501
279886,0.09017615765333176
244873,0.03551763668656349
216105,0.08071167767047882
277598,0.04465869814157486
260496,0.03866318240761757
252675,0.2631867825984955
244353,0.08009059727191925
205718,0.10734310001134872
217313,0.11169610172510147
262767,0.05533673241734505
238915,0.0900159403681755
279421,0.44603392481803894
210353,0.21991407871246338
286789,0.17298734188079834
200579,0.10533236712217331
251569,0.017753979191184044
219917,0.10231977701187134
249996,0.048071302473545074
278105,0.06750591844320297
211377,0.04428730905056
230429,0.03886664658784866
200952,0.2594452500343323
241790,0.020675091072916985
278786,0.07020299881696701
274425,0.19380319118499756
221604,0.046746205538511276
290018,0.08715428411960602
245085,0.05185912176966667
237116,0.1938927322626114
252863,0.10229182988405228
287054,0.32880422472953796
298482,0.07816745340824127
209341,0.07177305966615677
216732,0.17148293554782867
205414,0.12701213359832764
211890,0.16367074847221375
257427,0.1411961019039154
263915,0.08331099897623062
251410,0.01733807660639286
200653,0.035395536571741104
245331,0.07115207612514496
294532,0.05187254771590233
261851,0.46169960498809814
239535,0.1486198455095291
249233,0.08165863901376724
254837,0.26508036255836487
261500,0.037157993763685226
240831,0.19636236131191254
209223,0.04310818389058113
293516,0.27075502276420593
225039,0.09777148813009262
264291,0.08454705774784088
288823,0.05049115791916847
250664,0.03885020315647125
233177,0.18208682537078857
214254,0.05560006946325302
208470,0.09291600435972214
257882,0.16010765731334686
269922,0.08945714682340622
244631,0.10734310001134872
217344,0.10734310001134872
277443,0.025171790271997452
274261,0.17883269488811493
231594,0.08900344371795654
298366,0.4295310378074646
212283,0.1575484573841095
216028,0.14607541263103485
210739,0.030317099764943123
229102,0.04980442300438881
271121,0.0623767264187336
261351,0.035959627479314804
299140,0.11429407447576523
211530,0.026581574231386185
204372,0.15839527547359467
200697,0.1443595141172409
252752,0.5445904731750488
246314,0.19025565683841705
276417,0.026510151103138924
271141,0.07242270559072495
278923,0.10777104645967484
265109,0.027723344042897224
209233,0.10734310001134872
264619,0.1993388682603836
236885,0.1980029046535492
229898,0.12945625185966492
272330,0.14465388655662537
250594,0.041902411729097366
223684,0.06610088795423508
223776,0.03204789757728577
261146,0.08406592160463333
208135,0.1258164793252945
224964,0.1895572990179062
260126,0.21697629988193512
216733,0.06977631896734238
213850,0.0892493724822998
262194,0.18588314950466156
200976,0.5727387070655823
240369,0.041828230023384094
234498,0.042460400611162186
268451,0.24470621347427368
239283,0.09092392772436142
213233,0.08423293381929398
229629,0.10734310001134872
272712,0.04703162610530853
224508,0.0960896834731102
248099,0.10734310001134872
264107,0.054056596010923386
259033,0.22464121878147125
242424,0.02031879313290119
248237,0.10734310001134872
284259,0.31446874141693115
247915,0.020077815279364586
255569,0.08106077462434769
242968,0.0358666256070137
236575,0.5996222496032715
281507,0.1367173045873642
234684,0.05967835709452629
230113,0.03391128405928612
227838,0.03032441809773445
290359,0.07028964161872864
202565,0.07807136327028275
284615,0.08558231592178345
209580,0.04696008935570717
263753,0.03156530484557152
212038,0.24749702215194702
224808,0.03731319680809975
239905,0.058452561497688293
291523,0.37934333086013794
285305,0.05093492195010185
208992,0.08806680887937546
216570,0.03875686973333359
234819,0.05775584280490875
288153,0.04651806876063347
284062,0.026558013632893562
204741,0.07757481187582016
249759,0.32004815340042114
204841,0.08168843388557434
203383,0.031231196597218513
290753,0.07387921214103699
247304,0.0527828112244606
236015,0.6918002367019653
243292,0.24576488137245178
260477,0.08996213227510452
218496,0.0953361764550209
256671,0.08596015721559525
247123,0.0686367079615593
223276,0.060970332473516464
280966,0.23259080946445465
293958,0.06279446929693222
253625,0.0469047985970974
234917,0.03712797537446022
268776,0.05632636696100235
234250,0.15178526937961578
213678,0.038677629083395004
280691,0.10734310001134872
257582,0.10607828199863434
224188,0.023548809811472893
225484,0.10734310001134872
275456,0.2906690537929535
220793,0.13019567728042603
264124,0.029172174632549286
238937,0.0571056604385376
277119,0.10734310001134872
200642,0.03508320450782776
201372,0.15090356767177582
272426,0.06615389883518219
217971,0.06169257313013077
210631,0.053907882422208786
241838,0.08598078042268753
218179,0.08482349663972855
234797,0.513864278793335
249365,0.2532147765159607
250425,0.047351785004138947
204810,0.0362563282251358
276467,0.052870843559503555
229655,0.17122690379619598
273162,0.028863808140158653
230963,0.03830865025520325
266021,0.18846344947814941
270940,0.2943771779537201
235431,0.04645908623933792
299643,0.28085431456565857
213270,0.06687512993812561
220923,0.05103437975049019
291413,0.08159177750349045
283511,0.037812549620866776
258711,0.10734310001134872
277527,0.01969001442193985
254173,0.10734310001134872
234699,0.10734310001134872
296655,0.02090154029428959
243669,0.04724884405732155
209478,0.10173426568508148
243288,0.10734310001134872
249230,0.03882564976811409
217627,0.16824445128440857
234421,0.2567391097545624
241000,0.05970883369445801
295239,0.3270030915737152
223248,0.060525473207235336
232042,0.10734310001134872
245296,0.025745119899511337
287826,0.043466124683618546
292099,0.5081527233123779
251628,0.021496357396245003
242088,0.03998532518744469
215565,0.25004953145980835
239954,0.027553413063287735
261188,0.12336818128824234
270331,0.05697178468108177
230061,0.032221049070358276
240684,0.2923259437084198
263833,0.11267949640750885
263550,0.03649597615003586
298925,0.10734310001134872
200746,0.10734310001134872
238832,0.08202383667230606
222457,0.10618802905082703
215143,0.05807298421859741
257531,0.07175080478191376
212969,0.3443765640258789
258987,0.20038190484046936
261858,0.025928223505616188
257261,0.036920223385095596
287714,0.044272132217884064
266903,0.26560747623443604
207877,0.1222928836941719
200011,0.10734310001134872
200736,0.03346990793943405
276192,0.10675373673439026
232766,0.18739770352840424
264359,0.2429044097661972
207524,0.09913545846939087
268478,0.04751314967870712
222617,0.11799262464046478
237052,0.028483405709266663
282711,0.10502550005912781
295796,0.22194825112819672
226031,0.05032411590218544
250306,0.1581229716539383
296516,0.06819606572389603
268977,0.15980814397335052
283801,0.30520230531692505
207333,0.13869106769561768
200192,0.09741624444723129
286417,0.04172228276729584
218114,0.08867252618074417
252886,0.03657493740320206
273456,0.06843148171901703
277293,0.10730884224176407
286821,0.07236435264348984
206146,0.10420872271060944
296847,0.11801023781299591
260125,0.02249724231660366
245717,0.08002705127000809
259593,0.22854232788085938
230512,0.057210683822631836
215916,0.10734310001134872
238320,0.06602179259061813
265982,0.14299379289150238
258118,0.08614256232976913
225104,0.0623447485268116
249337,0.07286638021469116
258452,0.014721142128109932
299515,0.017604127526283264
224199,0.16246187686920166
255102,0.23290607333183289
294660,0.26098188757896423
262468,0.09193198382854462
217070,0.06261685490608215
218595,0.06739597767591476
293701,0.046975601464509964
275427,0.6544488072395325
236366,0.5078582763671875
255036,0.10734310001134872
275509,0.10734310001134872
263015,0.07444699853658676
263711,0.026725316420197487
284488,0.3420962691307068
242284,0.031834863126277924
284070,0.15873204171657562
296534,0.13441038131713867
235577,0.08656245470046997
262235,0.45761629939079285
219967,0.18222129344940186
206958,0.2877931594848633
267717,0.023465508595108986
215690,0.10734310001134872
288488,0.014056910760700703
231502,0.28853103518486023
263088,0.17579759657382965
271455,0.0222887322306633
287767,0.06640971451997757
241302,0.127383291721344
286650,0.10734310001134872
289338,0.39361312985420227
273393,0.027401145547628403
293258,0.058931805193424225
260127,0.07635656744241714
270502,0.10734310001134872
264494,0.10802632570266724
225962,0.10716457664966583
208206,0.05854865536093712
237855,0.14559713006019592
254101,0.6098782420158386
226994,0.08455678820610046
295783,0.3406612277030945
231356,0.035907402634620667
275977,0.08246227353811264
228521,0.020164962857961655
279579,0.09792505204677582
213522,0.10734310001134872
245723,0.196829691529274
273379,0.15639564394950867
260411,0.09950011223554611
237886,0.06504411995410919
263739,0.07526428997516632
243252,0.0292312391102314
239741,0.18198876082897186
231634,0.10384723544120789
226521,0.056976836174726486
220668,0.10734310001134872
293252,0.11640901118516922
207057,0.070008285343647
222658,0.051307015120983124
284184,0.09050305932760239
247061,0.22307844460010529
270846,0.042517777532339096
226487,0.0450594425201416
241439,0.14733795821666718
289500,0.117701955139637
250147,0.1811869740486145
215884,0.02764369361102581
241309,0.05832133814692497
243841,0.09339000284671783
234193,0.6714906692504883
284660,0.05124716833233833
293666,0.04817437753081322
273664,0.193526029586792
238451,0.05681585520505905
237945,0.05707275867462158
295522,0.0647839829325676
202382,0.10734310001134872
289910,0.5449801683425903
250345,0.1067897155880928
200347,0.18023867905139923
229351,0.21076083183288574
247736,0.09510742127895355
291443,0.10734310001134872
205306,0.055799130350351334
231931,0.03902832791209221
288154,0.18205465376377106
259735,0.03799324855208397
262444,0.03400610387325287
295388,0.1999637633562088
224032,0.07358332723379135
234219,0.03748002648353577
216608,0.020570555701851845
260238,0.06010176241397858
261281,0.05615255609154701
225286,0.08639610558748245
254566,0.10734310001134872
272502,0.15651699900627136
220123,0.048141129314899445
241572,0.1595127433538437
294003,0.031456008553504944
209148,0.23660756647586823
258463,0.15374431014060974
228715,0.17260223627090454
258724,0.07097739726305008
270285,0.03136005997657776
280583,0.03553572669625282
210224,0.1927293986082077
253856,0.04325497895479202
236663,0.025866573676466942
282141,0.06173013895750046
216299,0.059578217566013336
241237,0.18824118375778198
274514,0.04446867108345032
260409,0.04604560136795044
223663,0.11939597874879837
203371,0.020018145442008972
206558,0.10734310001134872
204999,0.13976313173770905
279248,0.028308473527431488
210387,0.13554450869560242
236842,0.024994418025016785
210512,0.037772055715322495
217732,0.1347241997718811
281446,0.04480445012450218
232542,0.04000997170805931
278070,0.056317586451768875
288609,0.07427070289850235
262853,0.14104105532169342
293675,0
286358,0.040780700743198395
293173,0.0843440368771553
219672,0.10734310001134872
295667,0.06644590198993683
258669,0.2206384390592575
225197,0.028602810576558113
200453,0.031104743480682373
229054,0.3346492350101471
289177,0.21284008026123047
203005,0.07366987317800522
213295,0.055173054337501526
264708,0.09229162335395813
285206,0.015320432372391224
240571,0.20394141972064972
279850,0.02235294133424759
238507,0.029538046568632126
233836,0.022808650508522987
294799,0.04368665814399719
254362,0.07333444058895111
259192,0.10734310001134872
225492,0.09317123889923096
204639,0.01846972294151783
290577,0.6312721967697144
270597,0.11921612918376923
284582,0.1282074749469757
293786,0.07933899760246277
256531,0.07749331742525101
287637,0.0415387786924839
218987,0.22343742847442627
259947,0.13439026474952698
279224,0.05894564092159271
271702,0.17198018729686737
284179,0.03879958391189575
235118,0.03855477273464203
232590,0.02970711886882782
251833,0.034533824771642685
248392,0.06509701162576675
257139,0.08991067111492157
275586,0.057311564683914185
231476,0.14644648134708405
253461,0.09851719439029694
220843,0.07497958838939667
206666,0.040795546025037766
206501,0.1466425210237503
290163,0.30692461133003235
207062,0.08163358271121979
295507,0.07746955752372742
268355,0.17986269295215607
228362,0.10734310001134872
202198,0.07350409030914307
216829,0.026193859055638313
290286,0.05134894698858261
220139,0.08730050176382065
270469,0.3011804521083832
276858,0.07869981229305267
242661,0.08213290572166443
248471,0.10319257527589798
234612,0.14622682332992554
267666,0.05599159374833107
235605,0.1135931983590126
274559,0.05108750984072685
201761,0.15668900310993195
229688,0.10734310001134872
256719,0.08667364716529846
208124,0.1259743571281433
203029,0.10734310001134872
226606,0.16850200295448303
202115,0.08390757441520691
289908,0.027248289436101913
232744,0.2964848577976227
227314,0.06735512614250183
267456,0.09432952105998993
241619,0.027705535292625427
232931,0.05486225336790085
201885,0.134011372923851
205632,0.41342660784721375
264278,0.05928565561771393
279491,0.06221688538789749
214149,0.061615075916051865
291214,0.11202604323625565
293198,0.21898698806762695
246534,0.2033710926771164
264713,0.1529335379600525
234182,0.014577427878975868
215335,0.05963155999779701
274287,0.06608270108699799
223946,0.2715538740158081
289147,0.16053086519241333
229955,0.06448672711849213
212446,0.2630573809146881
236069,0.08342859148979187
212410,0.13996216654777527
241449,0.04257075488567352
289042,0.15046259760856628
234098,0.08400601893663406
259173,0.030922293663024902
224534,0.023085447028279305
208350,0.07474362105131149
239750,0.10734310001134872
265358,0.09820310771465302
280002,0.046996548771858215
292553,0.06518086791038513
258959,0.7966700792312622
279326,0.16226929426193237
206782,0.05514606833457947
244939,0.04059474915266037
268296,0.05886158347129822
275713,0.10734310001134872
278996,0.20669345557689667
241030,0.20179466903209686
234603,0.2203180193901062
289794,0.09433674812316895
239582,0.15396817028522491
272385,0.04459737241268158
223244,0.12782296538352966
210299,0.09316259622573853
224997,0.10734310001134872
282794,0.0711306557059288
278087,0.2213408499956131
266914,0.034990981221199036
213413,0.10000371187925339
286384,0.030502548441290855
280741,0.02265142649412155
